address,allowance
0x6800212FeF0f1729B96210e3Fdadf50FC21cF4e0,3
0xE302733accF4800146E55fC45B46b4E4fFC032D2,3
0xa7B9AC696B252B79568A5a01b2Fd02177EF23664,3
0xB8ea96f27811bd1B1F86f4d5C06569Cd99515f34,3
0x0e60ed62b3FF6763d396c20aB567aa3196ff7450,3
0xeB6da4D79791a15F3761140711D0cb4aB6D33504,3
0x52217eB9891eeAD9a650Ff347414d66568A54DdD,3
0xC199ffAEDD24C4F86f4E1c45657dd33B533Ba144,3
0x556697364A2DF758073e55C0F8062F8D1349e5B3,3
0xd4a6f030F9c555c0F74bE298f83837F356E2acE3,3
0xdbCe2583cdA78eDD5A18495F11abeA12FedC0c51,3
0x2fDC93722C9A86fdfb4D945cAF059F39cb9622bE,3
0x59c8c34c127c3b7Bcc406D897e1c4c78E1CA122E,3
0xBf2b729E3cC47ff5258878Bf15a1EBe2812488bA,3
0xF5771d44fb1899b255E24D050052284fab0A059f,3
0x5aC27F4EB16c41C262b67E22C93dFDBf83a51D48,3
0x423a61c9c6dE2258b0542b3b9407b5a486Cb5ff2,3
0x7132f37E94E8752ED37F3239597E3d927ccC2d83,3
0x8D8075bbCA6D84f0F2841dE3A14B7177582632C6,3
0x4339Bb43e0657de0Df6c70424b8601a1Bb724b0B,3
0xDD0c16db6ED4f670BB4dC7235ab6b7C100773b88,3
0xa6A0F86F6A75e6dC928e17b1ac79FE1F96a9dEA6,3
0x0976ccB6eC8F1ED12EEEe0F948E04F0E853D861a,3
0x453d1549F8D8C9FE42416741073246b42c2b8a3e,3
0xE89825c4aF95e53e568a0d55963663255Ea9CF60,3
0xAdEc6fffBFFF4f682d253cCC4Eb495E11DAE9E33,3
0x84433D07A273a82626A3c7f4Fd6b7e44505Ec4F1,3
0xE751D56c31DC1B16595a2CdfC94388687E26a674,3
0x864DF6e2a4c8F789A2130e7710ceE9C08fE85394,3
0x5b1A396abD1CABF86Dd22522aAdd0ABacfFD1c90,3
0x1C585a942e2baE3300F785f04f17b10d7C6AbC4b,3
0x561eA17AE80fA5DC46a4e2c831263482C0949591,3
0x15332ad273bA14e3B1829CB7620E3835cF95E0D6,3
0x20bD94E6377Ce5d04d32AAF67ecD49256bbC84ec,3
0x0ffD13C11fFd3e4C6430f3b4671111FB67356815,3
0xd7fcde28dfFa87790e2f0bB6fD0D1496A8e7cF0E,3
0xc0Ca33F8622Ef0557d22b4448C4bdac9aa377E24,3
0xfB0420d31F7c9929eC31D02B4b66051aaF47383B,3
0x87C0B7626321A7e02C59845F2F5cE9aF49805984,3
0x5d81d3051DdD4E929c76BC572d4F1586C7B752AD,3
0xF29838Bb8c041e50085d1C81CA8FaF1ABcb87E17,3
0x743615338804B1Ad0ed8010c6Ebf4A390B3b0de2,3
0x1CC907b04A489fd38EeCc4956A792252a2c71CEe,3
0xbd2895Dc008c31ba7b2E9177EbEC4E7B048ACB86,3
0xA16eef307Ac9926C8863e6377dEEab7498d59bC5,3
0xbB967D46dc3e5D0e300644DD15e3e1678100d70b,3
0xDcfC30125bDF514B7c434f9868783C7B48D7a3BC,3
0xA5C8156188d1eDf09c7df15f23513d3C6964E849,3
0x2139045437e7439bA77983e3EC6E02adBd1184D2,3
0xA2C440C71F874Cb92bB4De7A6f7Ba920aE0E6468,3
0x11C8678069c46B74C62A8a94B21784DFb771b8d3,3
0x6a25AA31964f7f6DAea0e46C650B241682b445EA,3
0xa7C85cDDF4Fa368Ff5ECf52d21Da58d98b397528,3
0x486b1447a154ee88218A05d8b0f5572d48f39171,3
0xD6de78c59F62288d304090e6d67A50E9f0b83704,3
0xEB700C8026951921BbB49BCF0cD54B24d64a10a9,3
0xd18993419b5F76f82DECb90FC95073a1c02eA3F4,3
0xBD336B75D1bEEd3C33296292c5ef1057fD5d3B47,3
0xd138DaC26F780c6e8b28931F3E05b53184624184,3
0xf9ce60e90e94694ceB82579E4B917459B1263a6b,3
0x69BbD70240f8183dCbC04C8d5C8979166BE333df,3
0x2c2cD2298d3b1F5bCe37f4E49B169DA45746b49E,3
0x83201dD1579C4eD34EBBC4341c3a0406aD7FeE63,3
0x426Ea5F841080373b0e3eC85969Dd91FC5683d67,3
0x1fEfd2d64af4d97E5f2De6f96237e6afe29E25f4,3
0x2052051A0474fB0B98283b3F38C13b0B0B6a3677,3
0x6292afeBa1382b2F22Caa3214F42073655092EC8,3
0xED8BB4230D7cC0Af2b6D074DDbd7D6930BA6ec07,3
0xbA105293560C5E9a43E3C5Be43d48ecD9810ff4A,3
0xF35AfE935A5BADFa54529e3182721BA4A14B9651,3
0xa8AAd55C115a9213d790e11ad90A60f3540fee72,3
0x66Ca99246bb63278714037c03Fc4aE8e9887FE8b,3
0x42E52437B310FFa9d126FA5DE1ad6353DE52033d,3
0x1A74F677822b81206D1F64ada0355af6D2E739f8,3
0xCbf8cF128ee985F73de480BF374F208Bdf1787DC,3
0x7aCfd2FDA07A07C29664f600628FC15AaFef855E,3
0x7Ef2007fC91fBC8Ad635e96a0A9bbc88178A08e4,3
0xABab10c58F864D8c734e5e45C6CC3851A8EB2591,3
0x8EdFD0C9e26649E9F17F232F22c8BF45c59a4875,3
0xa84546e35B27933F83596838EE958615B7062196,3
0xc219bA31c11A86c7E78E7AF7f989a3255f4F0421,3
0x5Dc5F0c88C525020DA8ACE9be93149ea18de31A7,3
0x88b6E74056BB26e3Eb84fa300108e9E3b1217cb9,3
0xeDD011efCE6f8c8b92493cF84AbC445b8e0992DC,3
0xDa3Be02200E1b08BCABA80672280ecCc8641123f,3
0xe97f42087ccF97e2212Bc6770153482d27d1f564,3
0xAaa59110cE43446C5326E56807Fb1c4be207B13C,3
0xdD7e758206324F9Cf278c64113c31fa5bB141843,3
0x3E003635F44C8013a213B8E3EA64480eEa6f4810,3
0x8364063A3e5EDaA6c9A999a1Ad94e8e8dDA2C71F,3
0x119cD0d4E3f48cB1B4384B576605bB388dd23eA0,3
0xB506C02F6b5B84e630e21B56347f2ec1a293B29f,3
0x25294c2E0dA97bE0a39127146f180C47FEc81A50,3
0xC4fDdF906815225a7748046bc4B8e2a4f12477Aa,3
0xBa3cbA866136292d2c51bDBEB828A29408b0E504,3
0x1cfB2949EBc0B46641B9C6a350dE164C73CB003F,3
0x5323B7c3cC89d3a0f8641F6472DDE80DBfA05bcA,3
0x5f884fd27116C0FfD350629128cE6AF251B83568,3
0x70eFDaE075E6325D4AA454439F971B49C5f1c97F,3
0xD435b22D96bFE40752e8b01596C1E95b3FeF3aFA,3
0x64fB98F336F1123EE6C19f4Ae420e65818A2E9d6,3
0x261812F2b755A272d6705f080eD63F02573adEB8,3
0xfB1d342423997c02c7006B421509A7EDd1d9ab71,3
0x6A6611AB2f6be27a69d95E8e34a47bf93060f22B,3
0xC0e38d1661A6a24c7854022716a7eE0186A4719d,3
0x4B97eBED36c50Fba1E6Bc2FCd6d6f5DB724BA663,3
0x8cf3B22af80106D8d0Dc3Ee545A6E4406D5aF4E6,3
0x072Adc08ef0D776eB59d9E900E2AAd60b9356982,3
0xCA7C4d6B44af3D1E2E7C2FfA2798c4B6551D5404,3
0x669f0e7Ab3D32c75d446Db95DaC90298F74d071f,3
0x2bc6A42dA9DD8Fa1f43b83C669a94e17Dc474F53,3
0x45825955996312b35C44aD7E8FC011E245a3aA77,3
0x539Dc849f37eE6F35466401A7fF84BDBd919C5C9,3
0xF5B0Af852e3dEdc03B551f7050b616b5C77c7645,3
0x59C7cc170A351603EC5fb2bf2adD1bF140B0A250,3
0x732f5EE8Dd20F596Adfcc90ba136fc1D9c7BEC61,3
0xFF60c38F0343a8b8De07c9770266764c452A368F,3
0xd470133A27B58a2949D2a0BE9414204dB3eb0aB4,3
0x18E03a29f3f1972931007d327c7E4F5600c12FE8,3
0xb8Cdce30204057E90300Ec3Cacc30d0296636788,3
0xca82967EB49c94db336644698968a1AFEB7be44a,3
0x950561b361361bc8B7433a8fEb8dB4a7926A4Ff7,3
0xe0D209b7324d982BACb757F724EbE00a9792aC28,3
0x9AC0389fD995d601f1F5CE0833f2372a6684e980,3
0xa6007658e482419D363e491778489E5eEAFE935B,3
0x66e0e8FC5766f4fB050332f664030C8909fABd77,3
0x5633B93964f921b59C784CC02A1d72Ff537d181d,3
0x591dD50af3800569005ce206e0219D6a346249be,3
0xEb8Ebc67809C4d86314d34795B0694d80e29e4B5,3
0x01975a07D85f8Ec242e46241086889F2CfeD9390,3
0xdf0524b1f1a7E60928aad50b6687103065694277,3
0x32815ae4dC3ed5b36109BAdEa8fd3e6CbED03D91,3
0xC6E8Ff2b228fD347499fAa91A1Cce4a7707b8d0e,3
0xB374444B7017F29AA8Ff491bbC01C3C7f1fa86D1,3
0x3A817436D6900E9E45C517144EbbD0e1f99745f5,3
0x53167C24E33f7e48EbEA2BcdF5608CDC8313683c,3
0xe53bdb2118585d5B2cD06a117d3A036AFA70677a,3
0x5c9DcD20253122983442da2Afdc803BFFD5F367a,3
0xD94Ea61f089E6EC2c97C16c33f6F262552B1C270,3
0x6c6C094a19C5b3F8CF987853F32F040cA9b05b36,3
0x41ae7775108C6e83E10769a0C71304df7730b231,3
0x7d1CdC1DaDd8F6e8009315F8953379FadBC155C8,3
0xF6a836d7432ed0496d1fF275bE47aab7417B7142,3
0x740C569F20076F1D96be1222240d55A5eED29Df5,3
0xB54842Ed600D0a7524e8FD24FF0b29b24f6E30D7,3
0xDb7D39F1533A8C6E74b10367b2Fc6F87A28F3835,3
0x1a148A4C3252c96075966425FfCf22d9C115F650,3
0xE14308aADd5d381b90238d298f8ACACad4895B00,3
0xD0ad5eba4fF59B8336fDb87f3651b9e64A9002B3,3
0xBeF7d26Cf0A27c98f359F59e9eba14E56F8F4087,3
0xBE45344b0CeCC06E94A71c80058f8aec7252F5f7,3
0xe6f723Bc9A27D904AEaEF3CaF1c1CAEB3EeECa40,3
0x475f9606b94EFB094C6A3b99b75bF14b49DAFcb7,3
0x0d5dA38C9Ec77C50c1aad5e58341338882299E82,3
0x6181d574970AB85EbF430851bC0cBD23E687076a,3
0xE5908637E0419323c6E0b9Ac83EFa44F535C063A,3
0x36A59e5fF0007d77De264243ca45613bE86Cf178,3
0xfD19AA328D34FFf71a9c635BA9Bbe712468678Ea,3
0x6621D1eaa7F8E63626fcD1F1feAA1dFB00cFA177,3
0xF90C9920B2564d31EA7648EeCF80f8C3F4DebEC8,3
0x4f53208fd92ec6630921d47E695cf15b04741223,3
0x624dA72bE397d70089A0c712E354893f681A8d0e,3
0xA2571B05b5AEbCA15a95Fdf00f6826BB982CeaC5,3
0x5227e19097eC0344382d65B1a30Ed3baE93A3E10,3
0x11AF70BfD088F671BaC685Da7f1340012606219e,3
0xA7408d83daDC85F0166FAf08eeC496fAA6adEE67,3
0x7b45836D84d9283CbAbe63864E953089FF5EA182,3
0xa18BbbC7B4a9d2c9B4F3Ed5CdCDe595970DBA156,3
0xf28EcEeDb8a7931604d2C090a407793D4BDE73fd,3
0x4F234aE48179a51E02b0566E885fcc8a1487dB02,3
0xb0526eC57a81A423D3B96D5566C04819D24CcE5B,3
0x7868AdC966c78DD43F120ffaC9639BF4a5ae43e4,3
0x03914660E66B1dFe031FCD5336947949119ef40F,3
0x46cddbD494d7c031948497f0AE638c2bdF604824,3
0x5359A40dC540037ac37860D3CB705c1A2Ea75670,3
0xb66a4910a0854d5EFd13ab4Bcaa43fe8d3F2A79C,3
0xe19825e5E4804CE447Cc695971b92603137C614f,3
0x60BdaeaA3D908eCb69B1D4d7B7753FAc56c1B3EC,3
0x7969B564036804d9eA9D656905dcA8EEc5CA8c14,3
0xb3706AB2Fe9808910955FB17487A87943B5772d9,3
0xc410C8c596f070Db1a7d1e4a0711328908e5ff9B,3
0x5B0F81C246F5438f431C88E411dDA1FE20ee34c5,3
0x54CBEAb3Ecc694F6f8F68E965F87c2Af3D71045F,3
0x27Da941e6c36Fa05B42588Ee698A8b3E2abF4dA6,3
0xcD00EB12646aEeB7fDb0fa410D30993cd73D2C2E,3
0x938557694499B871c06Cb7CA9247077098f68Daf,3
0xa6C6cE27EA58a45a5d6b13Fd132964E3daB15DaD,3
0x53A50659EA434427c214Fd2a0E5596Fcccd8d8BF,3
0xFDB2c570780606371e8cc1D02Da67Ac555F2b18F,3
0x47D66f0F4A265C6908e45e09b907D11FcecC86FB,3
0x0d9A53Fd31015B26EB11764aAb3f39C5619EF889,3
0xdFfc9812FE60596c997511DE0087749a25E52C88,3
0x6286bE106044C9da3c2a28031dD55a51487Fd3a9,3
0xfB800966533AA09D4e54D1Dd15B1BFF853894Aa7,3
0x4A214e160c753CBbd2dF811593f069d357281d33,3
0x26281dc4a26f3bF414AE2e7c54E5D1Cc341fBe25,3
0xf647053969636aAEE93B7afD1B551E1faa0aD708,3
0x78DBc9057209816A97A083fE69B947281A970403,3
0x4832606179A3506f3E64c1B04DFBe3A13A55D0f1,3
0xFB3dd0b2BD0f47973F90eE3FfF9866Cfe12Cd54E,3
0xBA3F36f61946755F534a86eDFb203A89478E9bc3,3
0x268D4eDCC0584E49b7FDeD0715eA1554EDFAa039,3
0xc065d6b2ddD88bBe22c135CA2e0917E335005DcF,3
0x17e9E0D951e9a52A697180119b90CE682E24C66f,3
0x98a7930FE1b9867F4d9d8De2a5A34B14f4ab53BF,3
0x7CEe0618A6a6996B419f88e8f4F119793FDc9235,3
0x7D41BA0264cD1D8Dda266a44dE86FFCc08B5736C,3
0xC4C8A8041705c77817d00ea44fBD3958c1F4590f,3
0xC2e1310780FEcBCBf54B6a013F3e6FcB397e177e,3
0xd9b7749cD4B0e843809155DcA6E004C3F7f5c621,3
0x38232e194B148d888b746034023e5E059083F327,3
0x15721D1f098620434a9262A0eC5De1625f4849bf,3
0x6F1ca6fa15d400152f2dE0DBA7d5AAA173f2B30A,3
0x9A81dF471180bf464AB05a3F09b63678C1D955Fd,3
0x63b3217c8B9d5DE3978595Fa6d40631F04525730,3
0xdAf19c14A602896dDeF5568b2267B53795ef29f5,3
0xB492d859A2B7Dd52085744d5C796cb527446D6EF,3
0x2748E5fC96ea55cF371E857dD6be0A452c693C66,3
0x0fE8417A1855F1FFeF66fd847A3d4beB0B5ff8A8,3
0x87dCcB38B1c12c19568cf6a38A93c844F09AA81e,3
0x34f161Ec45e98528278F50214f825d5Cb6c3a540,3
0x7123f6484F1207200DFBb0fa76A0C22658f83AFE,3
0x266eE152cf011964aa4399bB568709199Da82063,3
0x1Ed01F8B34acb1749846395Ed4A443BCb583585b,3
0x38FA196daFf842Bd1F15d00535837CC787c8C64c,3
0x7696af215F9aC43b1D35ce859277c9c7e81362B4,3
0x712869e688D974C0451b9D2A221f00EDb5665f7e,3
0xa9028c7a809488d6Fe93e358aE0e9Eb5D6cD88Fa,3
0x2F64b9C5e4b24eef6C2003406302f0DD92AE9B56,3
0x635f031aE15D02d024D98Ca4E66ba467f655210A,3
0xd3a47acA8bD88101927373696f7217F0D3cEB6C9,3
0x753CF57210D2Be5239C26d8C5f0b30013398Aa5F,3
0x13E012bdef967479C555af8b277c586091240417,3
0xa0Ca7867d1A314BCAd3A06BdA01dE57fF1B9F763,3
0x76736276e599D3F94431eA90Ef3517234A9Af01e,3
0x776d03f1eBAf5e9910Ece12875E2c7d609DbA9C5,3
0x51553BC6750453034F592D257A4e878DD41929dE,3
0xB24d892235Be6a4d28ce931f0Fb86C105a54Ac11,3
0x805acD18b8A6524C9953Bf42EbcbC79878405202,3
0xf53A338220f9c34F0D30bd9b999165EA70AB93DE,3
0xeB473B6A1682686Ced8B4eE7B307B7C5340EFef3,3
0x5687875D748f53b792a54AAE53DbB78BEdbfE4fd,3
0xc860C87124e86E5Dd4435099c9d494C9F144E70F,3
0xAca395D60C364AAf5481fB974444f6118E741098,3
0x640c107889e1bca093B12f23911c4e5c86C8C2A8,3
0x77b11B0b2BB2C713d7432d85d71308F3aEd249e8,3
0x0a534043a34a43a78e5585C8Eb95aCc8B3EEEED1,3
0xF725c30fB817576eB402Cc52243cdFE6D62e167E,3
0x7489D0aB540c24500dE80701f551eE7f53287aE4,3
0xcA50378EEe9e4069114eaF301d813494Ca190bB5,3
0xB083d214a934f556580f850B8dBCFECCEFe8ED8B,3
0xDe19Cc8f890Dd6163eFb92829405D90085FAEb66,3
0xC040C7e5Ba06e3F1AB5d1f45cc57Ad3F997CD0a4,3
0x842aE2BC8E78745a3620526FffaB0B806C5487a8,3
0x22b889a6840cAE10ab3a15cE86d09638F3172fBF,3
0xB3903ad9A6147E0AB9c6Ef2a1401344BCDa42126,3
0xE8111035Af0b72e61759762088db2Cf8ED76c379,3
0x25e2A352478B83dC0DE5d74beC53A8f13d4062B6,3
0x5E84a4bbA53D563438c1f4020f8D9d7d89499999,3
0x17957Fe9F8d939fb69011513D4878dBad579810F,3
0x5A8494d8Df8AbfF6EE78E6CC08bDfe49F8483c3a,3
0x85Db4369EA64964C9FdA5abc28d7fF3E6ab9bb39,3
0x048E8d6d6268eFb326Dd4cf638F6615Fb989c802,3
0x51A250b981A97D563486c564698c741836952043,3
0x20170D12272400927fa82b181FbEc23Ca8fd4Bcc,3
0x4801AF178Dd07390941931C7e6f82B61A4344A0B,3
0x24964e94bFe3eB91EB79B2951dedeF14811fB3eE,3
0x0a272A6319e3391CBE63B2e3c7e0d31dc55b4A9E,3
0x83262FB83eDfCA88489CA9cddf61F5c94E73Ea96,3
0x332460257cEf06f02315b2D3e99b086079BBca15,3
0x744F7102f2e8E82d5c61004f2Fb5DBD2ca5F1d82,3
0x3225EF561EbFE8d6a10677aC81DC731E1327E6cb,3
0xBafa9D64419c0Eda4B9224F0918b70c0730D7ca7,3
0xE7968CFA660FbF62b68A614aaD3Bfd92185c21f6,3
0xC90630DCD4D273395035626e0c8F91fab1797116,3
0x886591a158ca2245365dde0E0E5a4e4E909De97A,3
0x90aC4d3e3E21dB847bF908892936cfc911e1de61,3
0xC757A388E13eC1ace46C5fbd0e5EEA4a205B549d,3
0x29C66F54Fe449041555D510AFd0c1657Fb3624e4,3
0x3078928e1836409eee577934Bd7D41A088034364,3
0xd5E5b55BF9b27FADe39174F6Cca055D7b3BeA8A8,3
0xf5D0cAe907E26D6bB1b5fD9b354E2642E35D0e07,3
0xC76c44bC42a5f19d886E79cA96199c4F22a2D73c,3
0x244a38c2276D19C5f9BEB211E564615c4D104A8b,3
0x77f191f15B78abcDf0a5578efa4652BC5fb8A399,3
0xf92984e9AfE34F9AB76E5e7DD68d9a93FDa20581,3
0x7209c8CEe7143FdB473260B9AeB06d610c8c5860,3
0xB34a10935B088056adf2E82E800318d5F567456d,3
0x2A4B674230875D7D80fD758bA49aa1B09b3A902E,3
0xf6F85d9B96a43c87fD29E2FaCbF644DF6Bb029b0,3
0x729Aa24A4559341f8Dc3dd8Aa61Ae55b9644482e,3
0x23a3c2d8d7d66Ba740EC8ea8AA1cE00F1408134d,3
0xCc5e3080C2410c2bD661137baF1412B1B105Bcc9,3
0xe0B2ADd5C2d094008d014369ab6bc5c42cF3ACAd,3
0xAe643F487E125D6cbedca9Da8B6b3271b326eFb3,3
0x9b2D58cd60c2aEd7aF4D5B37ef0f47c5B0b72957,3
0xffaF3FE15D8a00183EEB4fAb74DE5965Ff6c099e,3
0x2104dD5ef0f0512B05838E2E3fDBeb91780ea5F3,3
0xEFbDD138000A1974fc257214f837A8Fb0FD04306,3
0x626600e9f104eEA6eB45BBD3150AD72F1361a8D7,3
0xa397c4B370d001faC205B0Dc9D0Af556BCb1BD66,3
0x15e36420e0C8A75264916EA341642F4ACD4Db83e,3
0x057291BD078F28687009ec4f17672adf6FE88423,3
0x50C57c918D52042bbD94b92C34E27DBD7c4b37cE,3
0x247c8f80376d97518e25573b699b51803bb4ED17,3
0x299D5200417b4a65ac324c3E455cf34fe9229AFe,3
0x8520d4Df60EA178F690B65f9951cF37821957E57,3
0xD9eed1f848f84Dc05e4DCdd7f693E139dd6126aa,3
0xC9752397b0BFAB1e3E1E48709ebF1B54034eD76A,3
0xbADAaBF602Af593f1Ffe183e5F4496c56E719553,3
0xF30aa55510bf38026fA08aA4656309dfa5bf7f65,3
0xEe2eBDaAAA29D7c4cB6D1116aD6F99DC23adc5F4,3
0x9FC5e0e127F34baAfc11a19B591237D3DB0b90CF,3
0x61BD807D40b23c459264F4e2bc9DC3e1e81CD453,3
0x79B43eB824c9C872C7B072B88f7119C31e602d3c,3
0xF74f8aD40B17887B0379D87C55C063DC2861aA2F,3
0x87Ad4c68c010CeFB7C4c413b389322Be561322e3,3
0xE451BF6b27FAaCe6E23684c1968E6AcF9aD3584b,3
0x380fCD3cFb7Bc755dDBd1dbC5f026264961a10A3,3
0x0683B43A526aF50e442571A96001005b84Ad56dC,3
0x73A020EB0e9FeE28fEc92c7124f650d14e21Ceee,3
0x148Ff8c581be8A7F3536F28bDFD7C84dd109ba91,3
0x10db34a0266944BB80419B43d480fa848a45661B,3
0x4Fc059636A6AD7faF5A2B672B6a941D4665F7239,3
0x774af66eD15C8D176411Df1a7CB3bC57Db323B33,3
0x97932301B956B8487132975D331b0A9aB1844AfE,3
0xe1333d39F6F7f2c925d41cA2712d9d69A252Ac2D,3
0xad592039BD4824beF8E334d6990842704Fcb7E4C,3
0x6263F0388b2c5b398f9BE33066eeC1e8550E488D,3
0x169E893f920865b73aebE6B1335251Fa72E8eF24,3
0xc3562524b715c3c830b1D484E7E6B2Ecb311d267,3
0xC992c764a5dD14dd5Bd6F662a14377E1Cf7e31df,3
0x3e9aAEA1c7Ab36A80A6477e9464D5C4bB35eb27e,3
0x5f0B85D2C131B0e27e2304f569E2756Aa9988c8d,3
0x0a5bb24112B0261aff00b52f31a156b0d5AA8b5A,3
0xe0eB3A0d414C8785c3aB5C88b20b08dCfF4DF30F,3
0x01a18B4ADbc7A0e19fCfbdf63E85EC6F3c9ce9e7,3
0x0BE1feA31F96f8DBb2731256E8C74332f83DB4AE,3
0x34c2871C3D539C473E40a09158BDff522202E2d5,3
0x49695bd21712967bF54Bc0643444D657225aadC9,3
0xAd424f5426dbdbcFb6A3CcCF556Abc79353e5128,3
0x1C3046F0cabbe1D82f3B78f3B7747CA12Cc271Fc,3
0x26D7B4fe67f4601643304b5023b3CAF3A72E8504,3
0xA4D04f8B1816F5458d21F463CbfD03666c1d45c1,3
0x824f8d3BB19A677f6ccd9F40aa680AA62149412B,3
0x8886DcA35291F05Ed5d8e21F083998EA8dcEB50f,3
0xA026D3309dF281B8f0709f1267ECE3BC4983b326,3
0x5a020dcD0d7Df63c65135354DB5340a0B0d24795,3
0x29DF25350Db01D61f1DaB71a4cfd75f9CF19042d,3
0xAe1776D829B541DFdea1d4894F39092aF17B68Aa,3
0xcc8E79c1fd5b7917B66Ff75E2c0A787f55E05539,3
0xB79bFeDcc95eF943a45f11FDF1D20fF879076519,3
0x0039101dF1187c4adc97B912b8Bf603d6deDB944,3
0xe88Ee667C5A8Da4CA1A09a9FA6db8c85D3b89133,3
0xF9c56C4Ad2c12E3c8C4d659a4b93ab447De4C69c,3
0xA8D70d963cc2784Aa405e288c4Ca70D68c76397f,3
0x0d53AB1eDe05039F6B91B753Ddca767Cf9a2fAd9,3
0x48e63824dA390065ef2d9Bf26DD6CfB97E4Dc906,3
0xaf300Ba8fC0678dAdf4C98D51CEc9D439D76Ca47,3
0x9D4c1C518442aD9Eb23cb79A4792D508b49c81af,3
0x4fB79d3C8f6f3A383e35462714408144Fad57F89,3
0xE79340B457Cd941C6ae01c75b9Eca2D93ffcdB39,3
0xAACC2044656aAbB1eB698Ccbf04F41B64e045958,3
0x5C93E241268831501CB11e31b5afe72dED3714aA,3
0xb4078E1937bCF1f44d0c3dde11843E89466BAB56,3
0x45B74Ac8362D49685782c967eD4f24720a75035B,3
0xc3150c77428542bb64a7a2199c33b1Bdbf56B386,3
0x7218f7a894c4f258086E08889e9a94D54705dD4C,3
0x0Cfa5dAddFc851E59c07E7aD078ED98a24949308,3
0x352D3c19Efb9CC3c077ED13479Ca086c15aA2B0C,3
0x1A361Fbe3730c2E2c37202f57871F8D84516EE54,3
0xd8D0ecEdDE76C5121aCd74Da3B1e2C4144143AB5,3
0xB8108bbcc4DeA4724F9DDf16d1CEe6Ed5b144161,3
0x61Bd35117804d2B2534383b6f4a48C65B929A8e8,3
0x03a94910ee0b2194292f38886dC0b781440e93a5,3
0x82c1f4Ef710fEcb5DcBe4601833b2057832858cf,3
0x40dee5CFc1a4be17504624052D185De7E013A1F2,3
0x39d856B3f65e2f8D6e15670EaC50B31Bca6015b6,3
0x96ef1d80EacaC8358CEbCDA55C7ACb891DbA8f0b,3
0x1D5131E79E9D2cc9D4B03E63Eb473D40eEaFa198,3
0x83A70d0064C298DFB164C8a07A8b68A221819414,3
0xFCabe6fBa95EBaddb435983E83ec419325312180,3
0xFB4c8311E5B8Dd5AD476A8035245CE4A178145Fb,3
0x199a30051660F16cFFD0a6bb1A60c55815c85062,3
0x6A90A22b8af50c0c59E038f57596C5eCbdb695EE,3
0xd0CBDf1651862cfb57F865685D1cCe7d51aE5611,3
0x386eF2db3CB64C371fDF674B371D29CA8f8F80Ac,3
0x3401c9BB4667fE2Fa92641AF55778E1524c52108,3
0x46540C666A5d42EA3C07Fdc3ab6E11598b0d905E,3
0x6FBE3EE1F62cD0d7e6942dffE4CcF8c8C3993520,3
0x7C665F07f04E9e9645876312e67A67c5A091f82b,3
0x6fa9b344e1c241977157dB8F65Ee6369c0472781,3
0x4F542f65488B94fFe3fb6D86B92448223Fbb14D1,3
0x5a312E7dc7ACa466266eCC73f32Bc5783A60e860,3
0x0B9580C35DB43c1df34096795c7434DCa2069e9c,3
0x5FE785B2f589c79c89DBbaFa217BD7dEdd8c918b,3
0x0d3B074B2e077165F2c411088C03453157afAa89,3
0x229BD07F1Ca2aCd87edf29ae4bb7e56F26032fE9,3
0x8ab1EF55F1868040336fbe825a88F41014C062bE,3
0x93C8C816Ad9Ff9E6f03534E5180F743C66AB5954,3
0xCFeE67e9626b3509b1DE413f3acD9102cAE6395A,3
0x39908F23FC92F3EaEc1b1C88Ff2C5ACcF6F0cc05,3
0xb7eCBF7070e3FbB20AE7Ad431933895439f7f32e,3
0x8e5f0C070314b7b5eB7eFFB86D6887f752625438,3
0x22cbde853A50Db5a036E5D62B1c82490465557c0,3
0x27Ac2BC3f14e557438629F3dAbeDe8f5cd0c1B39,3
0x566d76e03Da7E285c18E600c6CAbcFE82ac45CfD,3
0x3d8377DF40104140B8E0a60C3ed1171084D80dE0,3
0x5d67d80514Bef9988232399Fc1Bac21DFFa17885,3
0x99362264f6DD350F75932e830F6f2D0AfC817C69,3
0xB56869fDF950f1A52208B9444eA267Fd1C29dbF6,3
0x6372f3AF08a32f23F891Cb4bc77F41384A20E20A,3
0x73cF69585E83430E8c948141f9De7A83f3bE65EE,3
0xcb1605ED17F6145dB16e26e1D8aDfE8f4B175377,3
0x89DebA722c82cb078e9ca765338F01dbB1890C76,3
0xF992AB5778514d37E23118594314f2eE23b239d6,3
0xDd79639Dd1295DA8454B51BefFfA1c91E5Ad646c,3
0x88746D19D42D025B84F126d6125e2E70D630429e,3
0x6B10E7ef8C3eD64F4C7FaB67d009A7d2a7F31aEE,3
0xade44991D931CA62E4B56F59A7A8E9160067F48A,3
0x21bcA401c280c8492a1Ca15D554382EeCB92F2f3,3
0x9c7513E9Ec8793fC010e42864e264512223F0644,3
0x24E1e3466c321d493275d45CA7A2c981E52BAaCc,3
0xb7A332F39D068016AB474c3B61aDC55f59F7A352,3
0xc538fA9AB84EaE69a83D7fE08C549b57761f2a22,3
0x712f6a3bc30A598fBFb0CF3BeD0cD5230fe707e8,3
0x912465725ec780B378f21644F1F90C8D4b06d47E,3
0xE8639EE410d4F36e58d318b22Ce4E0BceCB1B018,3
0x036d78c5e87E0aA07Bf61815d1efFe10C9FD5275,3
0x5684Dfb90d3839C8fe6B852d19c653bca145274D,3
0x010FdF27aFe8fF560fAFfF04df26DBb0A23793B7,3
0x36662542A79e34730DadB416928B33ab8AC881E3,3
0x8D42388603970610302d608e81b8c06224f0dE7f,3
0x4693D28969FbB035FE48f576aEFb21Eb94C62a58,3
0xe6787a6eA1C9FaA825C26640ccA4B43C3d8b8d95,3
0x6232d7a6085D0Ab8F885292078eEb723064a376B,3
0x94ef56Efad3cF722cD385bD6d5178C3063b83D1A,3
0x2fA11eF008c4b585CCf0A76861794aC7AE5A3a67,3
0x27d9358C788c1e5D9D59EcB7193F6D1c7305dA45,3
0x8043C386a4d4b63aDEC2De52b80901E23f1d0A0b,3
0x5Af1B92Cda0a80617F9891A5e260C60FE6b57bE8,3
0xa5A28781fEfD812b804336f8cC9Acdb9ddb85F14,3
0x15001A844836bfccDEf9f0Fe326481C29052f8ec,3
0xFE90d28F864498571F0c343bEb370f09cAd51F38,3
0x5D24DC18285B4f30d712646738F545006A5051d8,3
0x84f9aeCa6F9eCacA340Bd9535B4f642EE74360Ae,3
0x6De280d16248d8B6da1620aea56c53e6076ccF74,3
0xe8C6cEe0408D8fcb1E09dC13149b6D516c32ff70,3
0xF7eeBa93375E337FAEA0F205dE552E20B3c97E02,3
0x890754777b635E887B8335676fA210490B0dAAD8,3
0xb88A724b816D52ec40cD80288161433e8D7da706,3
0x7665C425b5F3A0249644024bB32a179Ab2D5E0a2,3
0x2546cf80eb6fb4ee0f22e1a9803Fb268FF7B591D,3
0x37B9B98C8736631CD482e4bf0Ec21295062396b5,3
0x4fC196cE178c25b9EA9AE6f7e7CD6Ca2EbDA91c6,3
0xaf469C4a0914938e6149CF621c54FB4b1EC0c202,3
0x6e55d38a3dc038293DD666e5BBda720CEBB6c23A,3
0x9C12Eeff3bf7c8880115e031CC456DfC59AF0a4e,3
0xDD0CDF8D98d9Ad3ADfaa49AaECD444Bfa01d9C9a,3
0x1E2147C40D6A56bf7A7b03772137836aDE0aA654,3
0x730947310c2eD7FB25f8B79a5635224b488B1382,3
0xEAd0575234bdf2fC4F86B6E4f11b4d92587964B0,3
0x3E8B7d2c9D332a9b011255E9Ea633E00f3452a66,3
0x4D9D2a7795B18382fAB70552B31633DDF6b4A8fa,3
0x41d3ea0D6a64d603cb8C3fF710F05f546061CDde,3
0x7Dc3dac7Ba713231Bb05B14F4aFdf79CE2A05386,3
0x78F2922C22E87e8cb45c4D75CC06BbDD10a641FB,3
0x9053823A9cB67aA42fFe7574384DCCb121c02D02,3
0x077aC19FF94d46F7155Ea660C92ab53bf8868763,3
0xAe6aDc37E63856097551D2ECA2CAf5805e2125FA,3
0xFE6f209d21D86d2DB3aA7C7Fa92669DCA9082F6d,3
0xd64c2b4892b596A84906809902a41C170CC2b0Fb,3
0x0A591c55351AE0b214F80131266309270634dE88,3
0x4974b8b450f5aD362Fb4cFF6A3881928B9366dC6,3
0xC78bDD391C026979CC00d8fcAE663F0E5e3b99C5,3
0x3E7ce8799eccF8DF033820451fb0DDCcEC212E7E,3
0xB26FbF5fBD32A095F925FfBC71073261E1081573,3
0xfA6c99b8100c8cC09B0a38C51D06a23b8BED4E49,3
0xd05A86B9F803a4e68A0967E85947Ce616BE78cF5,3
0x68236E5032c51022fc73D607Ff5B81b969A95de1,3
0xe365E46269780403C1CBb33E4F9714DFf35Af857,3
0xa99207aE9a63841Ea91e02676094aa08634D8639,3
0x97f290319734D0ce22215079417F3fE6A6439932,3
0xA850B2499c064900EfF341745807e1cB0d71a52b,3
0x3405f96358a55c38598255F6BcEfD21CC8eaC678,3
0xE595Ed0eee63FE6ceB3e6b6770B9D826223a3737,3
0xbC1934f548417f79ab10138B57716Fbc7C25c177,3
0xAbE0cDD036456Fcc1B64d1DdB7aA3bdF7d5B98B1,3
0x8AF2aB684FDda4a43a1db60D7E2B68d9F80A05cE,3
0x79D4687D77272A2347f0AaE383B650204D1A96c3,3
0x210a80C89c5Aa7b12eC10fd7BeFd8747D21daf4F,3
0x63a9dbCe75413036B2B778E670aaBd4493aAF9F3,3
0x972E633f5f6F62d1F2A13977F113941FCb3b606b,3
0x720D7b9FcCc403212B7746fcf98E8461e411a81d,3
0x60E862CD77aF8F547446a8bc8E5c0F2Cb845Af58,3
0x5A9807b3E56b4bc9C8EA94DA8e76539a94f39fD1,3
0x1b4b91bb747176451F0F7f73b636baBAfCF31Cc4,3
0x016099f9c894285B4BCf82424A4dbDE44195ebBC,3
0x4ecb47A2eDbdF05213462b40d3489af9CfEAd60F,3
0x6186290B28D511bFF971631c916244A9fC539cfE,3
0xD35792547a323DEb7DCa9922af1C26cfB57e6bC9,3
0xa9Ef46b6C863b7D81B6F1bcD4CFe9E50275aA197,3
0xfc3C9d6B39De195824825C0cFDF452378f16FFE8,3
0xFe5573C66273313034F7fF6050c54b5402553716,3
0xBa82AbD865aC471eDf8790a5e9269e00DeeE9Eae,3
0x0Acd70f0Ad1C809Cc3B90Dad4a3BC3d1E82c4e47,3
0x9c58D138adf9Cb3D048d96B102C6Ab4fB1B98594,3
0x76105f0612eC19CE5D0f4b1E53483f33745d1FFF,3
0xEA94DACE59eDe50C55d53cC90c26d8ec4Ff0B685,3
0x6269cD92e1E2e3b47dca97c72818eF86CBC06c4e,3
0xb2A15eD4E5a6054AB654E94aB33bF94C0b345A47,3
0xf17017dD78887f7A6d03a81E36FfBdF67eac2B8a,3
0xdB585820d3B56dBE452b2D7774E7852DBD0976Ea,3
0xf0357ef5a077B93Bf5490E8521BDb11bF56A2B04,3
0xef77C2B792795553259b82FB883de9D8C5e3FFb2,3
0xc42Ff2A724eFec3E3A49C6E62643aF1F5596113B,3
0x1899463c154b40044D1C9B4d8C81Eb7d15862Af5,3
0x30Df16cd7D612C5B25bEb0331486b127a42Ac371,3
0x078b62986b0956027c8E87384799B9e58Ca40D4b,3
0x5f62c70dca044d601C978166b1277C68DB5015aa,3
0x4eA5e98f20b191d8391ba523Bf845341eb1035C5,3
0x2554CaD3D851381EC1A16B7BF7B4737Ed46B40Fe,3
0x6bdEc8E5175a9577993944Ab5285Bbe2d0C6C950,3
0xB45fef607462BBff35BfCB0c26e5F7Be920eA5A7,3
0x257e4f3221fDA6dBA76cd2E737dd73e0095eB324,3
0x4CB45a5B3B52760448700afC36dcD1122a408982,3
0xc34daa784E2f6792cF348ac363D3e42Ef32b7164,3
0xAB5fB427470151c4307B1adD171A43C30666F62e,3
0xB9C15F9b580318135036e7970Cf841cA50F88607,3
0xb9baCBa2B35222AE49d4579ac57878aafFD4611e,3
0xEd3AFd345EE37B6a0881Db261b0e9f7513695B32,3
0x8Eb7A4Ea3d6ED2447923CEC2E3cdE7Ad3aadDe9E,3
0x20c67F828ecF41B78B2831736c598A0f50668F88,3
0xbDad2d3906879Fd07877C920E8F93b9739CA2209,3
0x2700bF3a5582E70f9F8Ae2db302c60ceeE5C7F2f,3
0xa5B7A2AF41E16BBe53B0b998AdD1D7B939C24093,3
0x3DfEE332874Eb227cEf9c999E27a4F694C9E590e,3
0x3467b5B20A190eF1e10DbBF360d3eb2E04914FFF,3
0xEff6581FAbE84D5Ed21CAAD654d54414944B0b9a,3
0xC88ABB271a37B84b5485615c386D9f30c1e5B7cf,3
0x3e9265736d6D0883B0FED8B27b85D0d4661B2F4d,3
0x8923cdff38a43d1fd59d323C35b900047e431BAC,3
0x204D24f9098837C2D882f646Cc49118CA7B7d99D,3
0x314A9400A3bdD318382Bb43aC9c5c98B440eBC49,3
0xC68cc04c7f19Eb5564d9D75D03a55Be29947b3B2,3
0x3FD8cb7e03b5C5A5d5C3a37c704B77014b77670E,3
0x1cb66FC8891E1758964c891BC17a9a8CdD25E7B0,3
0xb9e8e3135b87a55e25febC411D2450ea63476Bc6,3
0xD6691Fe90B06b63B31c4b1539532D5BbA76d4261,3
0x29efA6f22C0935878452636fA0b4C907A98511bA,3
0xA22b2F7D80c26D5B4e403D53EB520723858D37e7,3
0x372D692e1685D8F951e80E6B42E08572b443fa7A,3
0x776d3E6B287c3A4F60bead9E2B4D6F6a7E598468,3
0xeB44f538fE81b2A1210FF3E7080Beab2F3e19993,3
0xE5b8E553c59F3D8E540C4Eb8efE2E66eb1514907,3
0xc6B4a892433A682Eb97DBd6CeBd9372b0f0fE05f,3
0xcbC7E8A39A0Ec84d6B0e8e0dd98655F348ECD44F,3
0x55F0a1680c9E5524A9C9C241DDEB3cD6857f9613,3
0xb5787db31502f8b59A2dD5222512A49a16eF9e00,3
0x183120585AaEfD430ED6E481F175EFbF7d7A37cD,3
0x2735C94B0ed35A76c1E085632D93512f514BfDab,3
0x47caF0DF4881c69D7D34DE6DeE1C8344E3c55a40,3
0xf880214E8647A7dCE530fe48401Bde8464CD68Db,3
0xbC88a106bC29CBCe2ca252349a92029A1bc8bFce,3
0x2b4FBE2e00281aAF0017F2e8Ef551b4d322a77B3,3
0xF04CA290e93EC95749069708509509aC3d68cE3C,3
0x4b229c24894c134aC9eAeD34b72D5Fb2D2945aB4,3
0x848ccA512613b9F87a45842a9B6CEf0AdefD0863,3
0x7c2302dEcb5d46E8a0F362A2A57E933798Ae6B99,3
0x5F6cC21EF1E535DAA264428Cc8d4cC93917B19aA,3
0xFD6cdb7fD57642d2BF3C95F9d73665990E8C89D5,3
0x27616a8BcA840C248db47761991d089c873427E6,3
0x701e26CB35Edb75E6104d1fb7FE1433a05a44a7d,3
0x008B861AF2C805E96192DF8859F7E179b6EF19A3,3
0xfa0233BDA8E79966e7BfaD1424410689bEB6C6d1,3
0xF9fa3278b32d7f06F5875EbC29c47B9f69803b9F,3
0x02DEF56cC27007111ABd9F926D2DAaE626980447,3
0xF0B18FDDAd37B6a3b6f3c762aca6008E27774e54,3
0x93Cf371461BD36be36b80602BcC5c8067193879C,3
0x6c9a57704668Ca428Fa41AcFf575aEAf7063261C,3
0x8D19Bd3819f7562bBD61FE05B964fE39D0cCdD01,3
0x53f7aaD7E75a2640bd25df9d68264b9E035e7c5D,3
0xaBd32453E8e965d64210eb601Df082486BB4D988,3
0x18A67086EF38708a203FA1fA9F458e32D03690a4,3
0x7a67426d8975F1429E907F901EE1926E69714e70,3
0x0ef4db30F76bcbD1eE7DDBb056e699B69Dfb8eaE,3
0xc4210bfD73206c3208ae1F0854ee146Ed8F1271B,3
0x842404c4FD4117b9249bE4F38456B740AC0692C3,3
0xFd84958C76fA6332C79bfD0C34b9baAE258a814b,3
0x5B116be921f2E1c966CdFB08DC30884d063e0513,3
0xE4FDBbB89a3cE8E96b721FD56883926035aa4CEE,3
0x19e77B70456FF12F1A7455D7521Be3a5bC0a2915,3
0x829313E8483D045850CBA24998443dC5bC490bef,3
0x40b060A0Ac95dB3D5211b687511632b46c5d3bB7,3
0x73f23EAA5F4247bF7a8252e2BDCd4210755Ba825,3
0x60E4fF91f6a1F5B904D22917568d122496C33923,3
0xA6C88571d0028f47ADba983A7240Bf12Af94633e,3
0xD87a9fc25130C68c3Ea25437C34E0B9317CD7a3d,3
0x8d3EabBF69465A965C0FE4b9273Bc3b8ff54De17,3
0x5A70ec52E977B50c9fc12Ca0aA6d5e26E7C62291,3
0x4640e038a555828C57E8Af6174225890403F82c5,3
0x58Ed027d5dF93eF7348Dc92e1Aaa233419E5df72,3
0xD2afbe06F12FDca425D810eC2eC030AD2d42cE2f,3
0x8F879861DcB087775c480D54C0157DA93d25b2B3,3
0xF3998EcED96ae3cFe880aC9d2637B4118dA48E22,3
0x7c2fD35882315FFaaEc9a9E6BBE5a31E61061878,3
0x17c705D961E4ce73a5eC59F5392C66C72dC15bc1,3
0x1285e82E892eef9163FfADa47143247e5FdeFD1f,3
0x1259cEe018619bC5A32F4009715e330634FAbCD5,3
0x3c93AA84bbb4E81CcEE13225b7dd46Ba7e3AF9F1,3
0x634b32004AE505E791180C229CEE85D753B75BE1,3
0xD650366CB41e11261C7aE8420096418550d6955f,3
0x1F97E0005339FaA82632CBFa7C1A5bA1ba699781,3
0xE667f0FE058DB375Dea64c42f90790F02c5aa955,3
0xAdd9A7C1b516060b212f98e699b2779e961f4eC5,3
0x35742341e6C29eC4C6B1d112031afA330906711B,3
0x446821Cc3F3a096D0ce898F072BBD3177343197a,3
0x2d6F63F6658DA2c21DD2e68370D1139BaA06FC4C,3
0x82a0BFf44E03a3cc26845AC67CFabeb221CA94E3,3
0x9B3E37bA693c954BbA67802c4D17efcd12b38e3C,3
0x46f35e0D6F6Ed6E7195206b9d0F185bd807eB6bC,3
0x7Cd7Deb62Fc17236FE411a9afcAA3b4936f624A2,3
0x25dc22F302b77780b2894Af4889dfDBd998f6C2A,3
0x088B0B989567e3a796c688432C5603699Ed3c22D,3
0x01Fd932D6aD813576f77Fe76097634E3749f9038,3
0xBba1D8C8b363bd0605105f6878885F44d6b2467A,3
0xD416b0a548a47DD6130D4920DAcF4a97B5e3b184,3
0x7CB487d8391b4e67CD3785F0e7DA9B5EE316B086,3
0x4509F7051e0B5c18C70e86bF6b7CA808246D3F2c,3
0x1489475e2AAe99BaC84bCBB34d95031b45beeD98,3
0x7770f8744CbC409A1517fA30Cc0A86d16969DEe7,3
0x38dDe416244a7e13A30ce480945e71494626FEf0,3
0x4362c4c5e882BC796B6303c91d45897012639fC3,3
0x6a394Cf9Fe0024615411Eb7F03B6ae19c29c025C,3
0x88BE96Dc047Cde01286e991F7333A2e9A4865856,3
0xfF0512636765E4B808050513B9c248044a9142C8,3
0x9B9dBf521DE51d40BE118158634Bab4CA882FF6B,3
0x24b6cd8336196fEe5A10bFfeFAaDB0282b7271E7,3
0x3f5E5a705d1be5e34A1E38C27E461253Ef57d902,3
0x1ED4a7446556ed14593e15CDBA22B1BBA158Cf8c,3
0xefCaE1156065690bB2fA3a9Bec0AB1705d7D0B52,3
0x164Df68E8EAd7dCFDa62452F0F16f120be4C2d93,3
0xd2010F6d01f22f794DF999305D9eAb2663cF896e,3
0xc35703DEbd9ddE4bF435862a0DF0E1c6F55085DF,3
0x99de396Fe367a6Af9B37eBAe0DFF2A8Fc784f1A2,3
0x24e16a89dFc3e86D70D739B229749D28126fF57E,3
0xB0B2AeB0fD9c0ccbB980c460fb5561679e55243a,3
0xC1B0307fF325527511310c7d6fd3248188742F86,3
0x091e5780009f074C6eDe9E25409299c51385aE4D,3
0xD1C101668a0984a22Eeb21B9366095843E0bEc1A,3
0x8f1fc3766884d4A890aCB2CF4bd7A9Af7B2a6932,3
0xA35F6a3f5b4D2D1E6D5444f079A1530881740512,3
0x3f0f38195Ab4A43A4301D80cEb204cE5fE6EbBca,3
0x98C99ddd122a9A52cb2630AbB91028a75b3200bf,3
0x55c1A041ED998de8519951dA474Ed538586e5e55,3
0xD619A0219449622E5FEdc81170f55AFa887B6BF2,3
0x5053b78288E799D08BceA8D26f239DE2ecBB0Fd9,3
0x7ca7245295cDEFbC68ea246EEAB4a0EB16045e72,3
0xd05213a95589C8e10c5ec6800E110ceeDc5875A9,3
0x2549c3E55017140eaBA0b7a752637195b88f1DCB,3
0x6e659392A047B21e0B91bd5DA1E4Fda9ac8f7e12,3
0x52f349EdD4dCB7a3C60bf3066cE9a23962726d25,3
0x8Da1a75608874Ca5f866A8B22668C20807Ea72d2,3
0x1cB827446BC108DB9bF6e01FD44fcbA5b2B5E5a9,3
0x0e716A696F5636B376D058AC7240C45c922DF891,3
0xBd081f1B95d62c9A30efAB2bb862eeA6dcD7450A,3
0xdd1ECAe49312F5a2FeF65d13327E92D32864fDEe,3
0xcA054991e2DC392bF5D97fa97e72033a192a691D,3
0x603CA36De96B1cd8c79CD8542948CE5cCe460F3a,3
0x79143fb1795d0E74bd1799d521D99753897320e6,3
0xc811d56a529169f18d1a6142f1F17E48103A0313,3
0x8C093A161c36EFf4d7939252a3efBaFFea147063,3
0x2f495cCaD3a513795fb76bCaa899fea3f1E98165,3
0x759CfDbAF5c8CB9BA5443276A5CD5B94DBd23121,3
0x9c0C1C4c50657E8F5E04c0bfB6d653b724E83048,3
0x22823d8D25ef69ECD09051aD197003FFB81cB90d,3
0xE9Cc3b302C0B7E81DA5657d4ACBcA8bBFC0A6490,3
0xb5fd3E123F876cCd2e71698a8636c82BEC8BFD63,3
0x956bcFe27753248687a2BD5A64c6243085725a2d,3
0x3Ff1513ee38D724BF48B8183a9fa9A53Bc5C532D,3
0x18Df0f5D5c2211Fc0adCc22Ff9bC33B0FBeB071c,3
0x1C4db2eFd7b0C4Dff50815EEb5A097A4D90870B8,3
0x47D76A54Fb6C2BE0FFf2Dde738e927A995497C99,3
0x6817e765c1AEd3A81Affaa9d42Da7f90B0796c9B,3
0x7f7A403E859C24999930C1858b64d474249C9540,3
0xB8EEfBecC36Cc4EAC35D6FfE932dE3942440F843,2
0x5773924C9070AEF68068D688147aD2B9f5DAf5A4,2
0xD9c00b9cDB1d45CF265d1925eb1d004ee04D9f69,2
0x8e8BB30e8bcA3221E5049744Ace0B41c4f299252,2
0x30cD29D9eCC7eA7E988B75D1Ce8C79502AcB109A,2
0x1C07885D9821d0c3141d6c612Ed07A1239b71f17,2
0x0fa3082a4F1fC07628a61ca72De92d393b6c3294,2
0xf40827cfB72D1FBe054C78e475b67F3B4A98b25d,2
0x0a87E0c48dcBD4fdb4E2864dC109cD92629D1ce1,2
0xEb42372a7B42751F5b67D94993411B3dfF689EB9,2
0x8279b7167C17D11Fe60238248eEF4Aa9e750b2b6,2
0x3B1D358668C223102a953211BD6B12c723BfaDa6,2
0xc7880845f208703342Df893F23d0D706c2549b71,2
0x2487E611fF876C101DD2B31758102953F4760Af5,2
0x3027B82B57264b09C28b41389adb97ce50b94471,2
0x90a480CFa5436676D2226E7A981c3cCCb929e420,2
0xb5F0452bB5358b3e2b73a8518EfED4BF647c8D1E,2
0x952D23152F31277437ba0AcDb8cc03567cAa985d,2
0xAe220d647426E368AC321EFec83a9D696bF84E7a,2
0x6e723aAc26D5C674E10096D708f7ff3EdB18C56a,2
0x0BeDa5116cD204c428379b5D852DADc04F3Bc384,2
0xdBd47F66aA2F00B3dB03397F260ce9728298c495,2
0xdb27D37572eA22A7c2b82D15101d6CABdb0b6F74,2
0xAE40DaE0C60cA5b76a60e27C7c68d58A5D7641EA,2
0x72C5AEe0ee63C8DBc9e5933805e07777f40fC107,2
0x35963c64A1fe7207E894667e48995cf604029f23,2
0x3bC8A35aE075482D150663c643287424243D8a63,2
0x019B581Ce7cf1007d4f84EB783a19652803f339c,2
0x1F519c2636675B50183D54891eD67F3FC2AF04c8,2
0x2075b154915925Ef6947bCc62FC2b436938B0A44,2
0xc66dC39F2CE742Ac0D2282F8C931096b0dB60d90,2
0x195F11BaF68FA556f1ba291f973fc5BA86828444,2
0xC82CB61956c39c4398ccb7A33498Be0221Fc43ED,2
0xB9FBCb67C5143807c1bc3e23cb18E8A49aC7a38E,2
0xd8aaFC7bbe414ab1E7e26bc90e385dadD8A712d0,2
0x06B185f8A34cFE397A14cc136C3d59e6F3772688,2
0x02bB4705470f81538f9b4BD1bcCC8131490101e6,2
0x64f0653A9Aeb8a6fa2df2afA92D55aBeACD1C5F0,2
0xFF3C247d176c0F2E55b42b3DC985eC36E1041Fc7,2
0xc01b5381Dd9887E89A17B3313c0B5bd2AE7AE9CC,2
0xCb6a1FF7AabBE2AFCEB4f7C5A6eC7Ded94506C50,2
0xe930048235439d30F77eD998eFc22AF4E4Bb4222,2
0x42D25912dC9945236C646F72d179bFe4547b8Fb1,2
0x544071711d26867EE9E2Bc6eB8146655DA78E069,2
0xED5e70dc3214CB0Dcb3Beb3f1B9B4bB6E087a508,2
0xc3fe74DCF11c13859Bd7925609e34D85Dc79b9b5,2
0xB02a151829775F96FE35AB94C2E828a122B5667B,2
0xf81B7Cf9798dC1cCCB073b9Ac1eb7eE2D2158F63,2
0x2628040E7296117256D5879e2f1409752C122975,2
0x1c8F7E914cbF52499A94B735B17AAda51f9dce1f,2
0x095af6E637942F93638eD77f175df3CA2BaE7987,2
0xE7bA082A114b5B9049A4c9213E60755c20351f79,2
0x5C04911bA3a457De6FA0357b339220e4E034e8F7,2
0x8433ce2dBA698AfaFc29422247Bd5F256898CCA2,2
0xBFA2776f36b12FE35Ba9EBd0112AFC7D1020eddD,2
0xee402489D83e2B22D496910F8C810D35a3Ad7B25,2
0x842CE2C49C2e82c1C3f83d30aa387B5Ad98A501f,2
0x2293104F5C39fcbC7E14afb5869AE2BCe03170A3,2
0xcf1a24ed0048646bdCe4FD05deB6f800e4938939,2
0x1C9AE149000615Ca50Da936388b73e40B19C03aD,2
0x1f8a8aC54244E4016a376152b2F92D467552FA7B,2
0xb697B9455eeEE9574EC5c5350cB10C8a5B752A39,2
0xc42bf2A3acfA4F2CE8e772a6E05383D277920cE2,2
0x0ca00c51C4dd202f549c631Ca33B34a54F3b5D5D,2
0x34aA3F359A9D614239015126635CE7732c18fDF3,2
0x92a93805EEF9E123a1668562A382Da5D0Ad1F2A5,2
0x0f053e31010FD346f3f7c59d71A19566B41CabD4,2
0xb2bB7767C46e385515C07FfAA68D1Db79B3C845E,2
0xE540a8D94bd379C4d9c0478c8fe9f7Fe7F0B06e1,2
0xdd8D2d03cEc765c118f55ad8CFCA8F48Be6848c8,2
0x7Dcb39fe010A205f16ee3249F04b24d74C4f44F1,2
0xb3007FF3c3F40bDF0126fEc7c8E43c3Fc50Ea813,2
0x2C4109E0F6aA46986c66DDCd66c6c7c80CEbB4d7,2
0xc47316A2708Ff27F75592eEc0ae30b205B44Dc2F,2
0x60C5418551f138d5de627eA8Df170cDedE0bC122,2
0x628eA111406A68f4EC00cA3587843Ef0058BA6f3,2
0x555C4f74be722FaF6Ba9b6005Ae1C2eE1a21752a,2
0x32E570C6dbba4259b41D0A1FB390dda3bd7253cA,2
0x61224478d41C0f59512fEB01dc69432806D3B8aa,2
0xf74c487e7d9ffEBdcFB3189118d74b0b8591dC83,2
0x53BEbD20781Aaa3a831f45B3C6889010A706ff9f,2
0x079E7b4bd6eBdAC4d60214E0d1340C8a19cF9343,2
0x01467c420df8d9556fe5DbbF02b0c25C42226558,2
0x9ff84B91998dF96A6587DB8dDe8D4E47518107d6,2
0x90bd5B3e0EB7Cc8D92dba8eEE3c855c374b2d990,2
0xEE9060af383d4BB3c63923fF3abDBD8F00857aaf,2
0x1D47edCc97329Ad6d6111aa4453E2EdB4d6e92f0,2
0x8F548EB83DF906209ea23989D6ebBc3927000000,2
0x96E4A596087b811D61216684A4D87C688C6cbFFa,2
0x114F57C2b5661C00e094b3f0bb93A9CA284C2624,2
0x962Ae89c4371CE97b701518fD10950E9f688E88f,2
0xdA664e32AF82d1F96933acEcdAcB9395977EED64,2
0x654DeB4deb0C7481B7Af084C4896d635f20Ca648,2
0x09D6f23d1cfBDc0E02227E37B3089432194EB2ad,2
0xA81A30140fb74d7aA65e407d1b56ee3E61a6E618,2
0x1745d9f29e7878D85C18F1F4b839fbEf7d4bBfaF,2
0x0d4Ed9B283f3264a9254Bbd4B477De3BcBF96ad8,2
0x0A9C3cCf75068526854675EC5A7a99948474807B,2
0xfa290C514cED379c8f677df47F1213873b7E2F71,2
0xF6E0b11F4FcBCe85504fd04DD9AdC6A8A02Ad90d,2
0x783865747bae49fdaf94D4E40dA662517E7762c4,2
0xeA2C755f6874F9a2258f54091F6fF4B35AabDf57,2
0xEBD15A9CA30874e8b11761F1A28A4199285A1e61,2
0xFfDA03A768535823F6c7b216e490d58be9BFa22c,2
0xFdEa9DDac06911Bb6671e2774BB303E0F6813C9E,2
0x5654567C51e364B9875Aa9Ca9406654b7Dd83C27,2
0x05016A8e6638d5e789d38Ba90fd473Cb83164db3,2
0xccd9BF7158C098274514cCD58Ae518161CacaaFD,2
0x56dF0Ddb5d07A74f6a773D5B1F3B8Cc0947218bd,2
0x25D336eaec4a658e3502c4620C790aB2F896e08d,2
0x4Ade4E108d7487cb69502C71eFeF20dC917cCb9b,2
0x35d48d0E099fBA36ADaAF31CFA157F11711eB371,2
0x60266D44d61dD443497DbEa5d1aBBf720CBe5879,2
0x05D41274057A0eD09e4b65f8Ba8Fe3d452932925,2
0xF84d020C8B1e5430B42f315Aed4472e9Ce465aFC,2
0x5A6da46839Fe767C8a481a735Af978baa5576944,2
0x9310866A80a5DfC8d75351C09C317eb66ece0D4B,2
0x6f58C938a4162560d878D1c55024742cDF7661f3,2
0xFa9A30FEf8DA5Bf0F2ac057BfE3A835efE7a42eb,2
0x7C5c8C7184b27DadbdbE23d129229eFA0Cb65677,2
0x7e4DbE0aC11E8aBD9C9fa40602Ed76F2c5139Cb8,2
0xFEC4732A8AE2aca4677b27B5753058AeF68529E8,2
0x4860f15788aE8c93bfC5d3E59c876Ae769CfeF1f,2
0xBdf2F2C25247aaE2D03709010De2Bc3B70EC4DE1,2
0x7891eeB1bdCdBb793DDb7C9f0d1f4C0Ca737cE38,2
0x6a4696D83b42e40dd0194C459BdC746dca3b3eE1,2
0x782381FD1a07df7f7A1963f9F352b5E91E108fec,2
0x5c9Ea568cE669850722428C3590AdBBbA5fc486d,2
0x2504407012559909eB9Ea18273D2617D0c658243,2
0x84Bb43A408bE9c4eB92870Bc22Ff82F8c5f951A5,2
0x5E926DaAAdc7c3b45CB923811F134306d18DDd87,2
0x33d31377aB71C3C26E634B76B784E8F98Ce82731,2
0x3A88bc828083eaDEA53F87520250e092B72350f2,2
0x8DDf5ce5C373F18c3cae5C720250deE928C5C07d,2
0x4B7A3D28719d4c0081071d04dEd1F8e102618af8,2
0x6976633c66F3992DA0c020BE1d9784E244ff4fcb,2
0xcE09309d50111F5C25E4485F1F8E7b017D886D62,2
0xae1DaFaB04FfcEb9dEF31b4330F00e4E09Fd1059,2
0x05BB453788B435929190fb42b93E1DEebaFbD25C,2
0x142D7c84fC91cEba96A064f9609327c5EfaCd546,2
0xEec8ECB76d0BBDd9abEe7FD9F7aBf706b40b172D,2
0xc13a36d61C17E7FD94d04c5a5Ad5A3adcf0c744b,2
0xDa9C949784c6B8710c988421ed227C791d979c27,2
0x4C4b46Abe88F996d1B3B4A8Fa41876535675ef1E,2
0x3E5928c6d059A38BF0329694908604A0eedB0919,2
0x578ccB2FcB34D3176aA84072c710c8526D1E570D,2
0x552f01d67B352AAa38bC675e30ceD97f2451DF63,2
0x68E1B9CC39986B77F0CF56C094625985Be350C38,2
0xa25eF5E351E022eD7F6bA98D3503B748d9A1f314,2
0x90F6daa8E6aCCdD5541CBd0544646C92023Bb9e1,2
0x756987e0f78805392259730ca8Fd67a67fccc46c,2
0x871156C07c0966c4Fb35D74d86ab4a55865B4d16,2
0x85A87E7D4337798928Ec2FA8038B7efe327DA6Ad,2
0xDc100fa08E15cCE3d7f376AbF6ef97879F6f6A56,2
0x753D9A229abe6478F41Fbd8A0027Eae277940b91,2
0xDD7Fb827aE08289BA7B9216441ACE27A1a4B0a7F,2
0x676C57518a19d63bf80b6eCD981A20295D62D030,2
0x4C57d59c53d20b1531D37a7f1DC8313DEEcFe527,2
0x6295562b0EcF34b1dfe370580Fd58607207b658E,2
0x3804c03D09d8749033A742b013Ad8E9B9790b3c3,2
0x8313d62118aCB5e5B6564C18a978209679237592,2
0x39Bda5095ED65F1Ad5B9d6ecE617cA0eC09f6c33,2
0x7C6A2644e5A42528cE28Aa05CC5081C24b3Dd812,2
0x5785C2A9A94CF28AB714B897717385Dd13f3A84D,2
0x373bEe4f38554fB4F2ECBd47bD03D80a48806643,2
0xCdc81535201bc800338fC5Ad625C73350f451314,2
0x6529578bAcE3327dE14486De3bBc3d3dEFaf83ed,2
0x7F4b4B0D2cd05326229f7159012E3339c0f5E250,2
0xfAa57DcdB541Fa59Cc6236aa8E69619f80BE5b33,2
0xb3611DA4a72FbA65a80b0e7025b49431b193873e,2
0x394087427946935427A4bb48826D5265961c442f,2
0xbBF9119A7A5EaCe1B9e689CD57f9F4D8e922a064,2
0xAa3cc0b727e9C04B52AA433cD2beC63D237A7aF0,2
0x4b4F170B2E9580Cb62cDEa9c0Fc05cD1971e832E,2
0xE8bE5f77AB668943f0e01Cc7870993088f0b9eC4,2
0x4bE8199F236875D0B4c2557fEa6f56E7E0900E39,2
0xDa3eaf0d5bD786554639D2EeE9f0646810b2052f,2
0xc5F8B6F97CEf80AD7Eb11924A57DAE3cB938C555,2
0xcCDcFd155d4Bfe88829067ccD702C6301Bfa4856,2
0xBe00b54E2225349e654cb208eA7bD68af7131043,2
0x27c3Af08a82188aF1512C93e7821a64f960Ae853,2
0x0899a5Ec9cA012FAcbce1dbC65F8f990368D2Ea2,2
0x5790F29F5A091d36F215417F22F70a949f065cE1,2
0x6BA18C9f386DE9f23a42803F93170Dc12f6b8e09,2
0x0D0928664892c8C477fDabAD7CBaDF45de222f4B,2
0xbadC5b0e77235566e19B8f446593d6c8927c48dC,2
0xCA3667E2A27dC3bE489C466401F21057C9FCCA9b,2
0x642EE140505B743800Bbd883004F6cFF141a8800,2
0x3b92868E28030F2481011D12a437Fd79dA9535a0,2
0x83D606f310ABa097B8dC66C9a84f7667f6dA1c67,2
0x1bdfaFbA2eE05f0F3B99DA4Db42479c079D1CA1d,2
0x513AC0943Bb47f85cB5f88857aE858FC226E46D2,2
0xBEc318FC920D603FAa9124aCef46d83c3ed0673b,2
0x027050e062Ab1A7695e2b4Ac3B7efa0D251D3d09,2
0x19A40E873971d63fB522bdfF7612406781a026A1,2
0x36CB5709DE9580d677A3c451c4ce9678b2e20e28,2
0x03FDef14113fFCe886A4B61FA08A0C747E87aA96,2
0xbB2844146f40689b1fE38460935e31830204c104,2
0x41FE1164F0aEb25D82deB28687D291A597fE4dD1,2
0x6b2d83cB538Bc3b046cF8D388F37e617e54B2Bf3,2
0xD872BF24B5470A4CFb5d9A174fa1398Ac7B92E98,2
0x8e7dB1c27de49Bb5Edace681606aF2aA29889493,2
0x42C3FCd9a386019FC9fc13808F4462506184cf23,2
0x8BB25cb8Ca5F6a412CCD42E11cdE3FBf46f813d2,2
0x1CBD934Eaf49FE310Ba4E27606029c9dEF0168E3,2
0xAc8317E79598756bbF16E30EE8eb1e045Cc20b0e,2
0x67377b4FC51C4599b9944D6b9acF7c83A63B6A64,2
0x80a685AcDe25E0296963265D7B417B5042C1df99,2
0xd5F47EFc1d5c3D86abD31016bEf71C7c6222b15C,2
0x2641D0c891f357121F90243a16Cde2574AD39A27,2
0xa56e08Dc3bf64122242310fCEe2E0108864Ffe32,2
0xA7ed64DaA7e730461066b002bD9aC8d636182C11,2
0x8981E363b3DDb6c8d46f9E99B5864d2ee8515150,2
0x7fC0a7a0151614D9C6124fbb232F60D0a1527156,2
0x9Cf36DA5d88B744A8ad12455605a3FD207532049,2
0x9fDe696c4B35b6AF55e653c2d2e6Ea70D6231a5D,2
0xE63e1b49b4a7140D3B602a059149285F3ff9691a,2
0xEb8412Ea911bbEE5391658ca22C6EFa3f8eE1574,2
0x3D2Cd0645E111b2D9DaDD3fF8340f89BBeFC4DA7,2
0x6Aa976039d18Db9ebf697A58e2b6A0Ac0CBFBc9F,2
0xE81af51590EAB4C03335a509A89Faacf37AFB293,2
0x1833FeE8aC6c2081ef6802d60b2f07B61fBD36B8,2
0x27Fd80BA8251dCB80882C31be96eb296f67813Da,2
0x9582D599789386B4d1000210617650823d4446b7,2
0xa9106F1a8A27aB104c267BEF9a7014D729ee2d99,2
0xEB39ec1f571d06578961873156e0fdd2564e886f,2
0xe7898d67EB132145492358Bb1dbB473bFf272ff2,2
0x5a90bc18F8D047cf95f7131802cd4EC8A6e52ce6,2
0xe6bd195155E934A55E6C727F4D1c60c44828e7B5,2
0x2bCb4a1a7865d37585E6CF7F1FdB2eBE291fd42F,2
0x1B890D463e91f09F5D9107775dC4671bFfDE4bfB,2
0xAF2573bC08601f39E38360DEa0814799e632D348,2
0xE8c862247eb738303CA6e4cbB0Fc23e1469b22A9,2
0x0BF6Bb4bf9236561884D5be086F6B540D1E77aff,2
0xC232587E098d16dBe82086C99AE5b1e9CF101AfE,2
0x4Fe7e02B960120F4594d8754AaAcBbe99fa7742B,2
0x1510A75923e2CEF0b9C8A28014B2f94086e40641,2
0xFaC806797d8866f952e92C89275eB2983e063585,2
0xFe24f0Dc312D38E3D2461C66e5820bFE2f79b51E,2
0x99dba8B02c8c0a8f641A383EfBD1C05A76a0515f,2
0xd991DeF825A3D7f2878F2fd66141C410990D20C6,2
0x8FfAf267dB346CF7A2F6a25b673d821e0e965371,2
0x644D3281f26dd2F90ea47B28A29c1456c5fAe088,2
0x64671C26D825909e278B4cf682AcD47FD84E4d7f,2
0x1ed7CaE7fF3C8b804bfF37F40F733060c8B18B0B,2
0xc6E8B4D3a96C23B6f4BC0B56ABCa76Ad05516ffA,2
0x7F555642d932CE06BC7c2Bf1Ff4e7467956B4338,2
0x4871D2b7F2998405eDdbddB06C6EC97a0B7f49AF,2
0x7D442facc80CbDfcB5a1e6B100163181a2Ff2839,2
0x2EE6AeA15f7C7Fc21a3F6845519fD56469677Ed2,2
0x5647a516c6994fD17C452ea005A9eb362C9e4261,2
0x4548d431Bc084D135c7ADB40CEA3723cF50e40dE,2
0xbf214AAbaE48D94524Dc7450eCFA1070f4d810A5,2
0x0145D1e20E2Fa73947988a2a287672b09308629B,2
0xA21A2E06EF0Ca5E064afdc1437Bc27AB1D3aC6c1,2
0xDA39b47213641a5B33c3F4D35adC5ed97fc8CD0f,2
0xb82356Ee50322b5044F5299224AfE97Fdcc905dC,2
0x215CCDF20fe518D724D023dD6B3e8CdE3608cCFF,2
0x77f3Bdc354F1fe13D75BAAe149ACDbdFa65cFf2C,2
0x21F9141D15D149F6171c62af26Dd3233EE84d910,2
0x0B7cd27ff30234032C16dCf989Bf8a767330267C,2
0x1B75c516673fCA9318BBBf7652c61f211bE6E9dd,2
0x092Ff24aa22F058b40E3eC2bD6d73bFC1f408a92,2
0xcA43a3C4bF6800b7EAc1D31D37c3618fb4C82Ee6,2
0x335FF5f8C03E83bA7CF3b17a7b1A78874cc3592f,2
0x3b6aF8150B175a1D2492D10e55b31B9715e6a2df,2
0xFE839d0757b28eb85F3E4Cc0D756B948155F81B9,2
0xab59F6D2e40493D07f30eBb280b655Be400d5379,2
0x8B5Ebb8734F47dE2443DF29E0037EaA52763fEdA,2
0x10A465a04ff5b2252D78623B1B05550b061d3E43,2
0x817aDeB1182B89414D98264732Ecd2F055edd57C,2
0x7ed3fbcE40142D8b6ff53a8FF9e7a4eC4C138C85,2
0x995E4ff18C5c5dB841f126847dbD03D78Af0e066,2
0x3E3d19c8E84B8Eb98853C7Ee0696430AD331b96d,2
0x76B4B991d3Ae570a2D0D04Ed511e9779080c5340,2
0xB5633959A59C4bd6733797d6aC55Aa2A84aA734B,2
0x4a6fc837202ffbc1660AC876A37b9cD34d704995,2
0xF153Ee5848446de65f3d71C71de1176f56DfCC03,2
0x344415c0F0fC5BE30A871Bb0adAfB976650316cC,2
0x694d67b0C36737abfceDD8F2404a29bc38520AE2,2
0x1983709e08Cff1aD96c74b2fDD34cF2EC995E737,2
0xB9dfC1813EC87321fa89C553cF90d23F68d45831,2
0x8Ef39F26754b12335cfC9708D9Edb14D9Cc7b658,2
0x686D62fE301917085EC2289De4B97912C53a522b,2
0x83d0E58ff2Bffc4E958Ce9004b07067F4Cc91407,2
0x5C73D72deC9Ed483fb83a9DB23b9A27F98526E29,2
0xaA284F2Dc3CE78331fE7314f345fE1b80B8FC3b2,2
0xE8269e851691ab42b19e012581Cd587e6f631264,2
0x2E567E3B05b8f444d394B04E17C75241f7771F1B,2
0xA474c72DFa213c171c95Ccf9C42fD44f10117105,2
0x43eCeB4a3E382e13612925b719642daBDF165A26,2
0xE12747A3AD04E5980a5cD758fE1587cD8Af3d83D,2
0x1D03d3Fa0774136752ea8F379f4fc2Fb622303ba,2
0xCb604C8854C386C3987Cf052e6F161c59df8D8c4,2
0x895A67B4913c97aaf3390181b054469D1B5c127f,2
0x41F32AAC8DBc027C5AFEA1e8B4c86D6D81d0e99E,2
0x1206013F3482e57F099a4762cf59Ad44C2089e3B,2
0x94d55b1DB756D49432947C4Cf0dC6E902E2bB6AD,2
0x2b8275850DAc6B48C1a890c3043D3bE12514EA9b,2
0xE0F08B9C4A5622e7274987F5540c0B1Fdd890c17,2
0xa6A53d2da4236c7cb4eA35A9EA5ae4881f343027,2
0xe84e60308A6aa3BD1514fe54AbE6e51203c8eB0a,2
0xf988ed786EE9cF5D42f1f88e14a033558B19d851,2
0x0fa96e2913ccE44773AaEaFcfdD3bD5a598df0F4,2
0x8A1b5dFF8447FC46121Fc7CfF79fB54A6B831024,2
0xe8E050Dc0c2a2D541c653ad47b80A72f567F2eD6,2
0x5226A8725D53B28bc8bC84a7a76fE33Ed2b38A8D,2
0x53206658ad96D2b1A56Ede06B03FcE19616801cc,2
0xb8cC6fB1Bf635326524E5f9A3D84f1037b1D57d6,2
0x7c82C41C8Ba556E3ee9F6E0FE9C4aA906DCe8930,2
0xaa714c5BCe81947255eCcB6600B0B64e83fde853,2
0xb76860b6eE33c2875eCBFb69bBcFEF88293359bA,2
0xc4F609Fc383d2A7fe646073B69d9b511393d60fA,2
0x07e49550b3f457EE0ef1c4F9fB65D296A4b06e52,2
0xB983E8A67f42c49eE1bA3fF035EE38FB12393539,2
0xD79E5B18D9F33aE85D73906F7bAE01f0cd19ee8C,2
0x8525Af0aA58f345b403210FC318dC522654054B6,2
0xfB9D0aB2C4b055131222c351e5D151BCc3Bd5d71,2
0xe67dfc7103154Cd97aE030C9259FC8A6DB74FA5a,2
0x1326c76aa0F6cc3A0c9B3A87503e917E32f93efd,2
0x5614Bc6Cbe05E53B217305Eb5bf1862b9b34d789,2
0x6Aa4547560Aac7C5F82685c36BE3bfA5F7c67A99,2
0xA9ADE99A8803B18C2935D582E57db81c82eD743B,2
0xdB2a6D383948334373F899aC52e09886Af174002,2
0x6E43d3CB10942ddebaF27acAFf122144626976aF,2
0x860Dfdc96c4278e909F9ADa0beEc2Fef5B2A0620,2
0xdE9580491889Be65Fd261C017f8007fD15f9F890,2
0x8Ba79326C7f7A370624AF7Ba7819cEC57f960dDF,2
0x36f9444537EA0A5cFfEBdB3E9AEda8b1006C48e2,2
0x9870e99ea6a9Fe8699136C2bef541f6c19d3d2b5,2
0x22B5441A51b5e1D45B04168f1Dc1Fd13145A4B32,2
0xf73b0df53c882d212Be536ae1b2aE52BdD9a2E9d,2
0x2968370b8FF4F55F9b368b35A688874064bC9014,2
0x539E28543C0A16f8E60b5223444527803ebf6Dc1,2
0x4CDfa9fAbae11898Ebb26975F8BCC26aC8fa4b28,2
0xe6dD76E316E8d3E1eC2b94b2E72442950194b49d,2
0x5F5Abf6b7585a4c282c87cEF78419767F0fC818a,2
0x5f176236255366Dd662b9861a010D989b33c94B5,2
0x8Cf25B73E4ce7A3a5288615C749EcD8aEb04A9Ff,2
0xf619d18fba02620382D004Acef398dc0F5b90D5E,2
0x11a35821d3bfB1d32088441D7a0d293f58e5890D,2
0xd25Be0826FaaE96C75d94C03c3F42BCFA6d1Ec45,2
0x7B417f1184bA84c45A90C746cfF0cb424b7E1f3A,2
0x78cdC939A7142BEED5fed3F61ea5194cd5ac2166,2
0x5b8376feCa7150f39c02FE0FB509e1e523941389,2
0x3f372F3DC6f6271Ba590e38DcD9a2C8E5112Bd12,2
0x4488FD2dB73524c775A1D39A681b5BD00F4bc07c,2
0x118874adF203aA193Eb621DebB51a78ab512EDef,2
0x17226f76d9A0ED1365941FD9Cc5eb5BEf12587dD,2
0xd9fc5888c9C07cF2F941D3D3273A9253268bDa29,2
0xdEc50543EB4DCAA90E1A430D4b9190F6250e3293,2
0xFE995DC0B1547afb4d4449D5Fef92828660904eF,2
0x8f326b4Ef6fF1D1700bc2e02DB6E023Df2d3914B,2
0x3076C4F310d6D19F67468ca4aDdEDeF1f57119E8,2
0x59eA658E2fA5ca6365Eb81231d14eD675F0B3636,2
0xe1Bb54575eEcdfaa0721FFE380814e3C2a525b69,2
0xc8541c69E3a9fffA5877E2F167E4EfC9EA76ECab,2
0x8D65a159f3533CA37Bbb67Dba4ce062Caf80dFfd,2
0x9B4CA2b6BA36b5AeC912C8930dE7c22db29ac8f2,2
0xC964DA9cdca852214C012759d56ba4F82903Bae0,2
0xDe32282ff2E48Af644f1106154D46914E54a0bFA,2
0x2fd23562FeE7E357210a232bA6647a01c233D493,2
0xcdC02AB660D5359EC9a6Aa6BD7cCF1B7B8ACc7a6,2
0x256588078483B96Fc1e7f774Df3B85c71c05aeCF,2
0xfD2c2aAB058638aCA92D32E6ff3b9238302cAf6B,2
0xE5BD4362FaB8cED6E89f39c7614B15a2b207c1Cf,2
0x7C136c90c81db9f7BC3ebcC77252555c3503ACa8,2
0x00f61471b5601A1698d82B8Cb4B93f8a415e4307,2
0xBfFEC90646C130860468e20da2a76492a695114C,2
0x96Ba430BaF33A78550deD2B8675B31AEdbE3921c,2
0x39c789384C5c5BD8AD1C9ec11bCA08D22CB4f167,2
0xB1D43249a0c9C3B4696F815800A88e78Ea6fB811,2
0xff5CAfD90420954044E9Cb35570b95aadB36E663,2
0xE61ee28184718Ab4D822bED53ABE79743241bee8,2
0x22Ce9459a777749cD2A4f4A39Cb7b736b43A4DBf,2
0x6CE79a1D74d9F7305a73b9BcC8873a9c3A76DaE8,2
0x336e219536Ae28b86542d82E80a6C31fe34E9c69,2
0x018A605E937Ee7e4A984298adEd5392c15b73edC,2
0x0256F01dFDC1299c4BF35Ee2629b6c2D7842bF6E,2
0x96bbBdC37A9E2ed2C267Bb37a854f1C09A4AC005,2
0x0c9aa82841A3a560A10e64e44F8c4687a1257e3e,2
0x309941599935feEA110c7dD8eabA728CEe41B4a3,2
0xCC5212C08E903BC5BABe328eF9e8dc45E6CDE30E,2
0x287E33C68322A5E6dC94eB6324488e65a864A310,2
0xC38476A2e359Ae4672052E4cD40b034c8E18ACA8,2
0x0B8EAC31Ec169e1ef754BbDEC7290877bcEAb1EE,2
0xfEEaCc51BEE34724D753f2d96AC6c61cC4e10DA0,2
0x6feA9b569981634d4C05d02f14aD2924B30d4564,2
0xD48D726378aa405b355dE5908ABDc654655772DD,2
0x685430Cf6D6A9Eba73c47f4799CAA94dddC8bE2A,2
0x0D0a05db733892b378629446687d4490b64Ba031,2
0x50Ab56767bD368865baa72a8f07cfee7668248F1,2
0xb87708459b064dE61648dB49EfDb3006015B1D69,2
0x11A3f80B6D4921768cDDd0F2fd4A036Cd64041E9,2
0x35F7CA7b6b90C7DDBCeaC7c49c21E9081361724F,2
0xa310e333188D98789CF497231c2Ae3013D29e4DF,2
0x8915fB48873A6503A1a0e1745e2d9aAaD1E0b597,2
0xF97A4bBBa3dbcA582835da0971a756d7fA271983,2
0xD015E2f2aDb539Be6B01003BcBEd983019C320BE,2
0x3E0d5452518d0c8D9Bd4D692563e1F13C6993Baa,2
0xfF1054CeDb120995fD81e8cf044dAd3f5eD9181f,2
0x2C578B1e828D1A919a0d4aDAb6F6fc9583Fef953,2
0x33366d0FE255d3573900EA1702cA8F3034211132,2
0x4E3Ca97A310731114Aacb4C18E7b985F00690Ad6,2
0x94CfC7687d08fA97c2C63eEd8fE12c33544ed453,2
0xc0700FF8e596ddAE81Dc166BAeDd6B5FEB7C458A,2
0x66cf6037f0F9F420848B9F579b38CC62ae8cE60c,2
0x65fC397Ff2F43c94BB6AF15f2D6B141e13992b09,2
0xdF7D9964cc92720194752AC5C45EaF0836fdAE29,2
0x729084073cd181B8341873B3530Cdc39b11010cE,2
0x49f9E0c6f4800B61d75F13385a7E5e1c66f27c2B,2
0x604Ca26901C6de087090B25C497c5A75c3597832,2
0x4c9774b8961F17D9dFd33e571F74B887AE1C8259,2
0x96d55ca5ace4011678b03556B0a60dc9df6fBa0e,2
0xdC1A676dc78Be6571bC9DfF91BfaDE61a1B1b314,2
0x2D682787b92c17337D65235ed2CB39fcADef1529,2
0x2584A390Ec7405FF532959FE3d003F2cc6f9eB79,2
0x66fDaA558ad4fe5A55aDDE99ccE2317a8C794b52,2
0x7C67E3a3c9FFa25f51425DAca8ef66DF7F1937e4,2
0x7E5396A54576244eC694D1D7d45eD3BA17Df249C,2
0xA3394F815305eB8FA219cA6972991C8B76650c4d,2
0xE26Bf19ACf1cF9c69F6bD168467dDa6b8aE024eA,2
0x099dA8519d4eca3A5d7E3006D5b3b6ee09113d63,2
0x473A1f6944CdCe1622BCaEfB9b38cFAEF76a5c30,2
0x898528232265F5219D1bcEbdfbfD89eC667796D8,2
0xF6165503c1c4cbE97e47e620381AA6317E5Fe00D,2
0xa70D3e8480AA29A6D3941fa14bf305A5a0f8bC67,2
0x756a3bdE99Cc4975563eBAa28d73bFE55CB74a99,2
0x06aD75402ea744a80fB6948076b157B87F50ed55,2
0x23E3CF5f6444400B70660DEa1E13521B5519fb00,2
0x921d43548850c21E64023584f6bCc3a5448029b7,2
0xB2f5e9E1a6a55F1b8FF00Cf0e8Da28f149137da7,2
0x87B46A7486DAB06E1d493a65e85538F6729c6674,2
0x8A82b92a4624b9d34943893112b21a85c6558B59,2
0x71CE1EB4be71f8B177d21Fe03A4e5add5769Dc11,2
0xa09537fe39A9f648C2b709c6C35193a7510c3ACc,2
0x6Caa798fc227B517b1fe4BE1b09FE09D26d0D5e0,2
0x1230db1c0dB03dcBe96bd5862c9Ba6cDCFe03741,2
0xbD00402dac75eB122A72f28fAD0684D14d408D40,2
0xac77166a5B3d317D07E5fcf50211634C9dd757E0,2
0x1474E7cc537170b188F040C9c68761d43A63301b,2
0x010df57772174d97400290b1C1a4469804e9d39e,2
0x66a03F41b8cf19ee6F156C14d28c29D9e8353d9E,2
0x938C69ce00fC4c930576C09939dC9bb67ec00436,2
0x62FE71FEeD2EA34337F83EC7A234ee049B1280DD,2
0xE066F5f571c01FDdB65Ca148D9f3B9D407faC19F,2
0x2049fd6c821C1b2cd038a0640680601ec25a2460,2
0x77217F0E7bD4b973c0ac8c170b5C6830141C2301,2
0xd17D4964db2eCde8b452C1E389dB45F074685Ad0,2
0x9520B806003409f6fF917A94C25a2B54462F21DE,2
0xD8F729F322b274160AD5EDdb778092e8bff4f913,2
0xD108909D9664E360eAb9140CE222f9d14c06e7A8,2
0xB388599D27E98889370386d3F4D78A8cf01826bb,2
0x7Bae2aa945d1E53AF8Dc46B03394Ed18aC378244,2
0x91657D87a4772eafF5bfe10EcC10ef3FF7802c3F,2
0x330a0Cc9F8dcDF4c8eD23Dc24ec365dE61450696,2
0x43C290f745d3F2922a5F7D616857b6e11BdA4948,2
0xF4560ef46bC883ef3C133b89ee30a71bd1e04671,2
0xD8F86022FF5e585185C6Da4a3AB2F7e4b061d60A,2
0x8870e4Bfe7389f2ac98d85292B853F8233B00A0B,2
0xA5003d672D27D80c752C584Db9a0781F4FD03Bc8,2
0x41350Be59A7400B2623F60CE8d11782Cd7Cf518a,2
0x1E9626EE5E68ED9FAc3C2d2C86337AA16477F0a1,2
0x9b4f0067Bce66552032694c9ebe8D55000d03fE7,2
0xb337002d2c695021C78201f0d0bdBe961Be7E8AA,2
0x6AE9182d6469650D78677DA6D31C528fA79045Cb,2
0x7b4f369DDF9b23382d7ed66F4e539339eB53BD5C,2
0x3bf9316424000E63699Cd639D9fa4BE5A72Df321,2
0xbBF355daeDB2d3FB35E6c00194b4deF717cD70c3,2
0xeAC99d32c1273cf79616D157ad1D3211019177CF,2
0x78022778Bb0B9C0887107B76cd274247494f388a,2
0xE41Aaa302F2F407F6D7Dd1569C06782F9CEe2766,2
0x76e3d0d7322106A6EB8eCB04A07450A84fAEF97d,2
0x51054c688BD781EAf581EcC02052990D948B4376,2
0x13d2f1912a21ebc1d4cAE5d06686BB25095b294D,2
0x73b76193bf18675FBBEa9cA725dE11ab0430A247,2
0xcefbF0d21873078210098C3a0FB05818e2Cf7c65,2
0x98Db0E8f8adeb803690E8A889433AF21A5918c2d,2
0x2d8633AaC6AdDfc4cbA2a57Be9BF936A2Bf28693,2
0xeab87dB64edF988BCE2fCD0170fB2d223D191f6d,2
0xDa06C964c1689885B7705c474f92dde3DcF3FDBd,2
0xa2D25CA53096Da1c7166E859364bA8F32b6f9008,2
0x55b2149c7fc9998a19368Dfa7d9e09Cdee782499,2
0x97490dD6B68924bf5f018E0fdFF587fE36cE9330,2
0x12A75eB85F89eEc4Ab91C6f85aDB9A63463edBa1,2
0xe0DcE42244af1e8d1C18766Ad0E7c8fBc2A6c476,2
0x999049D526869d7935fF8980D5E1Ba413F0925f9,2
0xD17648D1D822f12082Ae719f0F92D5593DE919fC,2
0x525C1A4e2D482Af6ef92E69f9C8dC298d1DAd13e,2
0x099CD9A57eDE8c7BB2D8b468576b2370EC666DB8,2
0x20BEf8a4e3D5aA2c0Eb7CcB9ebbF9b406Ca99def,2
0x780e0577be7099A4bbF09820d0A63D301131C2CF,2
0xd1540cd5C9477B6e63498F30230058bc760c9Ab3,2
0xb161d0Fd63b442799b26b428be7415e4BddDeD95,2
0xb46188f9D3f804b95C39979aD3f6A0cAED3B8366,2
0xf0d1F769e54393501344eF0c00a2d3dAb7C34A67,2
0x6d4f907c512Ce0E7fB02BB5556105C1c36F72DAe,2
0xa5DB20ea3383A3D15fA4a19EF0Db8E167D8178c4,2
0x7eCd5dd39aC2D0030B9BED92C78696AcdC1cA9D9,2
0x94FDD1B56421FFCdCB32085b33C0BC04F7698A5C,2
0x6E9940608E43ABC6fB98020D1BB022Eb544e63DB,2
0xb5796b3A8814460AD04D9cc07Bfc5A9Aa6C4a245,2
0x7fbbe8B7d7DeF6178B3c55D74E26364fdb825648,2
0x613BD576FC0b98c3D42aaEA55529AEED92499bB2,2
0xA66B69A2Fa833B8D16f73797E0A24908caA80b3f,2
0x8D64B05694Af554dE02AAF1300FE63399Be8298d,2
0x0b6a05A0Dc8EE97974101059e996d298BF959F2d,2
0x962C57Eb7A854FEc3DBF740B73Ab056fE86339E2,2
0xf378637e81c57f479aaf9a9FA5B03eDCdEb301DA,2
0x21aaCD23CC03EF18b7073D44894012e3A1663904,2
0x4d17A5278637eC731f030c767047F0cD31E85b5f,2
0x51E2A48392fC6629FFa5c8967fd71BF7269ecF9A,2
0x77cb7806865C934FD23Ad11017594C3C3e730E5b,2
0x9D158bF6a6e9D181b17Bb4f474585acD5c183dC6,2
0x07Cfc6C05B803d749EFfb174F5155b3531666c3B,2
0xE4494fff17a9fF5CD901492835F61E16B0968aE6,2
0xE690188Cef2E2991a5D5925b8311a9E63EBdBc5b,2
0x129ABC7bfCe1444e080597A1A5372f1c444cbdB6,2
0x41ef4f6449027e8973799C57A9030da686d81990,2
0x6F1Ef01d3bef965d1F3390BBdbAC171F4647B7cb,2
0xD3c408d91938a41EA1AE87104BD0a2FbFB9B641B,2
0x2FD8b0E002cfc99e26728e5AbAb235cD992b16D7,2
0x7D74ec2f53de963Ae78b128EaAb536a1b7E6FA83,2
0xCC7C1a15a93bC847843dbBfE785e5825C040D73A,2
0x564B3b4ECe06d22187De52A20ef852a365D2D44D,2
0xc806291aAb69F2665e24751fd6f2BC07aec66236,2
0xa23E474d7A15356E5f77F159477682bdD11af36d,2
0xaf433Cccdb5F309C1F2827dc5768c10774515e0c,2
0x5fA05903b9E278AE16F46fdE59D3043831cefeF0,2
0x05A8c73F8aB2034258E345D4A3C560fF8798f434,2
0x14C9bbdf4b30D295fC6DDB3d3cB4F8b3EaC3eDB5,2
0x61b99D032B67934B46f307e8F14aF961a939c003,2
0x048BB07395AE0e3351ffe90D73DF3e27459c369c,2
0x499Be14559CfBA7D5cc10601a5d6a5D93A02FA5d,2
0x2f0988F8e42F8167F18F8dEFEe6D90256C935519,2
0xFbdFC4Ce8c0D71d398Db7218B7E813A88A9A57b1,2
0xAeCE8c67015f59f4dd748099B5aE04999ee794dC,2
0x18e86e6fdadCeAc65f84a2D3A86994dC09d232a3,2
0xb5eAf706924803dd8B3F04C82A87EAc4aB21526f,2
0x73257D200B47Fa9CB3CEA683001740136D31f474,2
0xC7c9675E25cd13804143ed060770a586C18349e9,2
0x272641293A5aF83cC7808c150AEf72B5BD86C808,2
0xa8A070C1233E00E97C0580D54EB52e562fEC782c,2
0x4022605fd7C777aCC6034810e5F71786edF8A86F,2
0xf5b8f9c4E86dB6C48093eABFB1b87471a54D56E2,2
0xdb84520FE2C3C7C13D0C974F7841D2C8400FBF70,2
0xa6C14D448FF59125a4F5c41795f0DD6D127a7502,2
0x100C8BC0d76907acF61d04A2F0167d66A7B8Ca9d,2
0x9e7903416cdf2D5e6387242984C56f6676f588B6,2
0xcf195ab65eDF6b23EB42F7E16AeBdBF58fd040db,2
0x2647CC0D320086CE8ab191b52052747262BE1915,2
0xe439D13f3876b135A5b9a158cE252D3c210fB9B5,2
0xEC669890102C2f2E9a9d89141BbF61b9836E48F0,2
0x7B723E55ce06b20EcE17E57Cb82cb3F60D841743,2
0x53E019A5C023944DD6afC7E0B8FAC0f6B65c2089,2
0x961C40A8144A2a3c0B561F5e25784E24d10fBc0F,2
0xB87978393541C7a70c64dCE2baC092531AdD52FE,2
0xE90b5bB9cabdB2ef09caB56aef257C3c3fB19EE8,2
0xaBC6b7170ae408b7b23a235a998D39fB1A965f61,2
0x9689897016D2A3faE94E368dbBfb90Dc17ef56F8,2
0x1Cf33A296DD9347CC74CA3085724B9824a42E456,2
0x0932118154cDcCaBF9766EE75e9E9E53acB1F0B8,2
0x207D2BF22FBD85f7cE07EA4813e8f665E7CF6c4A,2
0x7c2B29d4827Ca3F47DF3bF471bE166660c8a5cad,2
0xEe9C376b611c01fa8B32621F85271dC8a82309bE,2
0x197468336ff4d95b72C07F82873Bb0F6E83bb2C8,2
0xFBF43f34A3D3aD88735fc26320AC99Ee761DCc48,2
0x655B481cE2bb6C159B3a293A0a60B75d68616A72,2
0x37c6f2F6BBcD57131115aB0323C94fD1B107CA56,2
0x48176e7F3bF451709fe6Cd704D4aBDB5c8FFFe78,2
0xA834E17a3cD093cEE89422045BcC8721a9A26799,2
0x21cBEbCC07C10145E4261797C2347bCA1d03D39F,2
0x0665773e3E5E6196F9BD133E5177b435f122cA3c,2
0x664e4315882829F8e3f438c2a776bE54225e0E82,2
0xffD02310E06fA52aB7cCFE80a51B44562FE876bc,2
0x24169a6842724b9C9233771705cd2a1E6AdD0946,2
0xd06015fBE38Caee5442AD2B5BA0243A12895a1DA,2
0x084BBcb3d32d8E4221aCaD50783c2bf13507A37A,2
0x18AE16c9eA8e665ffbaf4B46D639Ecb0f9958fe3,2
0x97988Faff876e2eF8ed4d70871aB2f9b9f54A828,2
0x1265B5a9abbcd65244A0AcB024F497548Ed1C119,2
0x247d8ccAfc4c187b1a2e54306f769FD9D7bEFB9E,2
0x4C17A3C6f795712a5471f48b0aA79b7843433A36,2
0x6F41730Dfa15709487c7aCa9d4Db77976881422f,2
0x6fE10271e335EED26eCe0D4409c9fB48a09582f8,2
0x3b1BeC607C57683912CD6C341921F6b9DefA6F98,2
0x934Ed108E56E4c41662fF95fdf78aA1Df4B2dE2B,2
0x087b71804E8Bc4733A1ECb8B04c93f1a7bC4C58b,2
0xae7c56cC74931eB60148D394B663ed50344444Cd,2
0xFfBB5bb98c6853aaF54aEeAdE869B56FD74A0aa5,2
0xc9Da6272eF80556255DF5884B16F14ae3D87BA15,2
0xcC38CFc7471A27c8DB41e4Ec1385196B5B7E4C4f,2
0x9D9EffFd994517Ca12C3d203d39e380AE8f316eb,2
0x3BCc49Bf71703b33cFEa2119BE50b159a3bCE7DD,2
0xC6466260C5a123F0956795aB2F154dDBDFc46fCF,2
0xB6BFdaf36a2a74992E52eb8843675f36C83cD838,2
0x11750d0f02A7a51cFe45Ea3d9764a9BBE362305b,2
0xd0fF422755b77fdD84C77035bb625BE0B6Bdf4F5,2
0xf42c646657b097E33394e7CB3E23CF7899C13277,2
0xd7683e11Ea2701B28389EafE69342eafA2CA26cd,2
0x0Ee20c284fbD48eD521b9DA35c306628154E6B47,2
0x2bea07FDedDCC1F71251a6260a75ffF721204e77,2
0x3FD37399e1C0a306611bC8C2FBf6F2245a7A8F6a,2
0x09e94980E7e24a51102d70F8E7fCCeb520777395,2
0x6eF85b1692838f218f9D436D405802357C54a964,2
0x842eb6d2814349f656650Aeffa6A947ce6df250f,2
0xdD6Db4dA797221a69Fbab986C86f9124442c6064,2
0xB08bc78b8B54AcF960984ea40Ce12C579354bE86,2
0xCc8519AC707B73bdBd8945bb0bba038aF60890b3,2
0xC7Bfc464f270ee8466cA67d729F22Ae7e8DC43Fd,2
0x25D86D0238e2c9621717f2952D3261d88c7413d0,2
0x9cAb5696B88E035a036ac70A91Dd7B807283E4E8,2
0xb2B8565496F97d9f21201E6E84532d7CB38E5785,2
0xdCb7d4D0abEC19C609D2704533641E64AD7Cf900,2
0x8C564E71472f6758be4a0153E80183226914Eb97,2
0x571e71Fe18513984A5B775Bf49299EaaB057E890,2
0xf7D1e6e4AFa0d3720aC3b5F6918294bfE0aA6991,2
0x5BDf1bad144F6A4fd2Ad657052F881A2470742EE,2
0xEBBd278c310000f77a397321A2D94aC8ca109690,2
0x1232522A496f4a414EefbD0Cb5D2AA833e93833E,2
0x02F5Fe8f3A6aC296d6A43E4C88403a04A90208bb,2
0x16da9DE8fe0EEB5E6aC135641823CFC931eA6C5b,2
0x3eC01159adEc35530c4D90499E1aC24F3BA0E050,2
0xDdc4Dfa453982af1CE29349e5Eefe30aEF3f7E59,2
0x9110A4A07754911Ce93C895E7279968c0dabB841,2
0xC09f05ac0341d9daaA9d18A9482847F3621fEfa0,2
0x5aB94571A2A0D970b716c54535901f7B40fdFb05,2
0xf171B871A3a8363F6c39a064FFC84bAf3280CF3B,2
0xFc5B217495844DCeF725852581235f1BA596f6Ec,2
0x5a382c7Bd18415881e5d5540e2bCEb6da4dDb267,2
0x4b5489E5D87f9d7c1fEc4bfA3cd32f695A42F94C,2
0x4eFC6e5F2a4D050fBdaE64466A2123A1De0552F8,2
0x209684f17213ba32899219b958FdAD65D09869F6,2
0x88d7bb7fdB72e5dDA1F68226EA171bfE78Cff92F,2
0x9a4f8FC1A86fC303D9d2B7eC12C765FCB2669230,2
0x7956Cc5276F00148f933481D57af2139C74c292a,2
0x808107D4fcbb5493662271A807A3F68297323F47,2
0x85A699EB7C23dCEf6f9e3b79b3e3978Ae692f807,2
0x88A60d76aA7A0A40e9686D09E24b13fF8dfbE649,2
0x8ED330a05aE101cB162A0a62fb79b023FDE329A3,2
0xf6DBaf572771314cb02887C9f7bC2E962dc1e22B,2
0x1377E7D207a456fC8dbAAab3c37115ad0Cf0443C,2
0xb1D8fF4Cf1dBD7Ef44791cC1cb4D376Afb4253c1,2
0xD718Ae468b3e4Fc018F75B6d720E2C0eC950F637,2
0x6E2c3822Fa3d33ebf65fa6aa08eC972188405617,2
0x908b8707A00bACAD3e42ad5231F6a3957BCd8C17,2
0x676BA0a6b2899a3C1E1Ba3c98b9eBF2c956fCBA0,2
0xA3125FBadF626498745628331fe1554a7A1f2ed2,2
0x1D0D159E3f6bdebc42a51aD6f09B0502CED64669,2
0x8AAe0aADBB178DbEF03227a2921F992bbf977CdE,2
0x5900d7eF357B16647af2183e2228426e2E44C54E,2
0x9d9B6C94A269004Da23C833b40876BAF94A4bf21,2
0xefa79D43adAC6CC1FD312CD918C9C9f65F11EEEe,2
0xf87BE532bFBfB567d2BdD88f11bb5e00E6D2a882,2
0xe09D25a9f5B9911D9D7453cB6fF267A31eA201b3,2
0xeb3bC5bbc69760751bb59a07D2755e90b09A3f55,2
0xA6e59350D33CE5CE8a05471975EF8fe250063286,2
0xB03a5aBC89933F95325eE6bC6Efa7fF9F5505BE8,2
0xdDEcec0707407DF32E92D39282f4E732382CA455,2
0xA6f06629DE4FC23117Eb39f36A8D6ee9Ad6613e4,2
0x9458400d58d5dC345828e67A9B5a78EDB5add1D7,2
0x2c0cb93F55f89781e1a9f246169B26e3Ad56D108,2
0x51B6A00e6E0Df7a70Fa3cA4576c10Ff23852dbdF,2
0xD78dB0636326AbB2689122cB6658A46F5F959f62,2
0x11f820e16E35297a5774F6F2C48c4Eff7D305b0F,2
0x362b41B02799ebAc2E7D62284EA50376e02CE5Fa,2
0x5Da161f7C18173c4694f9Dd433675DB0D8B2d715,2
0x42d6cd18BFEeac3CD44d9a0898a4aC485B6b943E,2
0x63f77eA9571E591E027098aBA52AdbbCe36E44Ad,2
0xa011b78F6486607Da60Ec42b9d2d13ed32fdD14d,2
0x280B161Ea38d39753d2dE49CAd1E23Fc7543C010,2
0x5f265208AEdb16137AA772031312779E4D20Cbfa,2
0xD0c973c4F6BF7ed56ea9791cD6dd3C537c4C92c6,2
0xa519F0B9681bC9F574270C6c1C615432b15E7169,2
0xA4110311e6017d128E722D72E67579FA20BD246b,2
0x28C9c6f2A22F650e571f5F9feaB47F6E21aFED27,2
0x05b2B220F138bd3A1BD2b79D2edDf56FdB6B9fbC,2
0xb848Dd87C32181c16eAC316F09926f242af641B7,2
0x30e389F702484f82C82330b08F8285CCCFe8C87a,2
0xb2D8Db0E071D2648d9d678af35685037D5De4359,2
0x875592a8ae69c45a284940d46a4eEb27c3389544,2
0x7fB80dDCEe17408E12Cb3dF8E96Cc8FaA1A029Fb,2
0xB5b7198aE1E41DD62c21bB4A563e9A4Ca21F9339,2
0x71A27EC2838ab1C9301804543b1a25ee5A35061f,2
0xbdd7947aC45FA9BF4bf67D03224d4F803869404f,2
0x2b9b13fb5c755CE66d239003F3F64DCE896277FD,2
0x995ebe3AeD4093B2a24238fB9707A3E0DbA2EB39,2
0x53898a6420364D5D4DAfF1be9d7525B4E6bf9eBd,2
0x6A08fE8eD8A82e72Da4D1Bd1E002fD3a94AF9773,2
0x1a10A70e41Bd8d3E51BcB3A55AF0AB14532Db7DC,2
0x9dd02a1BE994A03F69DAED448fADaAA49A2FD2cF,2
0x3FB57223ae99894988956B7F8899514F704F1b64,2
0x83e4C0E1846F82192724CbeCE398e9C147Af55F1,2
0x6D0438A6aC02027D787576dA89c90144F6d09c0C,2
0xf9116e28314198732b7ED67d982270Aa73F94Be5,2
0xCf2395E1a4984E5cE352A66FbD9e6CbD66718805,2
0x7Cb682C0A3fAA08C6043F4Fb300AcB589c080884,2
0x2a3df0Bf3F1D60B10992b019a71737AF5176011b,2
0xE8D102ddA103Fd1c4540932fF2D2D23A8025a52A,2
0x3B63F612f40DF8f9aFBF796BC021df25b90233Cb,2
0x5cb4E841725aca5de44c0155b8Cf19ce3Ce4A83b,2
0xA2e7407faa714b7bF1d06FeA6833946E9475eDdc,2
0x0313248Ab414a13D7d1f4AB0f67D9A7e2f8c7068,2
0x08CA4E5dE0611698CeE288F9c96FbFd157e93F31,2
0xcD32F6fa15f9E48a8E3EC28204fcb264215F9DDC,2
0x0FbceC2BAf52b208A2291d81cbe8fAC431d59191,2
0xeB7c70b7689642FA72d36Ac778E27654c1Ac2124,2
0x68F609f6997df7a62c0A4CBa87F14563fe5780EF,2
0x7E6b1bb7089949298A56Cd41B7B7867baE27D23A,2
0x277e3Ad9e5a6fefEe7555D86360FA5d8F86c1cF6,2
0x768bCd54061D132a9ce460ef8dAF3084e4ac9644,2
0xb77FbD7446d8CC9d2F91f04D757b921fc733A99a,2
0xc57d180CA854CAED60850b4c780e9142b861F3f6,2
0x3F866b9ff652a494D9DDd35caE9D1cfa587bFa64,2
0x43F1379d9aB8563e20AEc538f40CeBcb8bF503c1,2
0x012909F58d97e09f302d1496387e9c6D3D489CBA,2
0xf20f737C61Eb15f686147af4Ee23b7661382b5db,2
0xBb9F16E45B6C428A4f3E12433898863397632D62,2
0x4A89542Dc9b5cE799cA1CbEFF6e3953e20768Ab2,2
0x3387ad577eAB97478CD7846e980CE160F57a9A5e,2
0xbde92f9d8278aCab04021f04158F79f4886c91c9,2
0x4EE4Ea6984e7C4B7DfE2b827CF015F9c5EB9940D,2
0x5495FA0523d11cEa6A18382a5FbD0711749Bd5Ed,2
0xAcAC4572Fa9b97468Cd4888C50AbeC193fF8f598,2
0x61B41f1511295f8632aCD2cF6C3370FA1f7a3aD2,2
0x8F798346c843cF3c3BdEF861C4414fe7f68Ca48d,2
0x9C23c0aE14A7Acc771c9BDB377b1C79788A9c464,2
0x8AA83a1D45B95c84e6343d543E59d3A181cafb89,2
0x20E5179e83015b56466Fd98Fe9c64Ffcf16313d5,2
0x49cbD0cB7D7a2199297F49873CA5F9721fA70120,2
0x3b08DD3C616CEF490b08D600FA1D9975FAb88fa0,2
0x1318e5ad2286Db530123e8fA533a7964EcBbd519,2
0x3644CF2a1315F33e70Da10C25e41769d71504B2f,2
0xA7D824da4E930D4e0539aDDeC4b9a53FAb50AAA8,2
0x30e0Ab75FcDf77255BAFd7edAf816Cd608321688,2
0x335946B6b9514EC6B1D7C972aC31eb7DfA0E60a4,2
0x437290b9d621d8C9b60ee2591bc6dDE06d5CFED7,2
0xa2395db8b3093f15D0f30b8A1CFdc43BD5C8724A,2
0x91f0dC6653610dDDa914955E9Ff37066d2Af73dE,2
0xc8d0B2A240F5e8ebAC0DD7ccfab8CEe4da368F74,2
0xaeEe8323Fd7D5d1e4D922827ad96e4d5AbC9EC1D,2
0x051Ee37851f494CFC500b987D84357238c49568f,2
0xbeAc087daE68933b63b795Ef631540Cf317A0C5D,2
0x05399127931bA4A0b9bC1760A48E0eb096d203F8,2
0x77bd82CF131f7274115B7E76aDA16758Bcaace14,2
0x406794341966f327B0FFee2F7d38072395A293ea,2
0xe48a902DC7FD5dF6ddBB94052DACa1B242b872eE,2
0xd9Ef2888eB867d37A31dDf7D34A973bc87bEa65f,2
0x631cfa638fe3Dd1dE0CF8fbE934042b910204F65,2
0x35DB40FCc75e2aE6Ce054a6F4f9Bce37643170C4,2
0xDea24Ff10Fbd944E0243B7d4DfBcf71b286AcF33,2
0x7D18EDF9F09d76fdd7D4d671Ab4a801023e63040,2
0x1FfB6B0C1abEe68ff4847C28b75cEF8f762c2534,2
0xfEf550D28F19Adbb030e1c97E42ebe11BBe54425,2
0x974677e8Fa03F4a721a12c7a6ec74ceF8757F842,2
0x41d656515b9E620da74e34B11fAc7d9e1b4512b7,2
0x4C2c8e7E6fbcDEAF9E22E2696D105dD203971AB2,2
0xC39220A16ca360793E923FB809b5F72c39579A50,2
0xa3BaC19B8c83C935fC2dD3c10fD96079b36ff957,2
0xDaF48187CE93B757B25092d007285B68149DF559,2
0x11c8d85273659d0cD2d5BD46D1E1134bb190e1C0,2
0x5D46317A851F1262D692e4F74a42D00f701df68d,2
0x0b98c7f433eB9a3b05FaAE33064Dd275a9884329,2
0x8a5631621Ea9fAfD1B130bd67C74b3435c547574,2
0x7aF9da0C37BbB32440a09C23048BD44ccAFd3403,2
0x9e1c4e722d2f0ba3a8630A2C31538487e4fCBB50,2
0x203dad9F16fD28A73e9Fa792644eD3Bc7F6282E9,2
0xD397711750207Fe20304A9b13813eEF04762A922,2
0x635A4C80edbd0B8406CC6f326F23F1c9D6147C9B,2
0xDBB6cB36AFf009396a1a85e32D2a61A34C03dF7c,2
0x2c6C24D2E79056a73129e9f4F48A4f94bc4BdfE7,2
0x993A64157C6C2aa70c3404883b2abE79db50Ab1a,2
0x6b1cE1720c832eA111c15Ff1F8B0F70f5B543f7e,2
0xFdB0F51f0b215f50Bf8532DfCC1c9E5A3c665eEb,2
0xE2780bf89A83E2432e30773aad7A9557fD12873e,2
0x98688AFC98cD7Ff5E5fea620f7a44f0a4e21B775,2
0x92620fe260a1F18AC0cCE9d08F714bA39bf3ba1e,2
0xE3B49E4EaA21f1733Cd8c010b36F086E44004166,2
0x6C6f61BeA9F4A0881Aa601a9c14A58ac3051F59C,2
0x1F656b8b4F5DAD3195BdAF890CcC550D5186e44A,2
0x7Fd7c68b1B2F9Df40a552316A1eE62b16c0A1aA7,2
0xAcCB250f831733D91DDB16b85F29C2e3716535d1,2
0x56086636f4232FE87C9766A556ca72A8969e95E5,2
0x49203A0aBcf323706fe8587b4839B66Fdda07052,2
0xE1512aaa9be9cc3429CdDeCdA2DeD73ae11daC89,2
0xd696b7f38b571a27Fc023441e01d892BE502Fe53,2
0x131d8cD5501304beff12B0B0DDBd78Aa027c4c50,2
0x730aD71e1C5A3F660a4Cc8362A0Ad3eb48b1574D,2
0x3e97a60469C1EfFF628BB8D7301C98D68ADC2e16,2
0x6cC98C08B71d74aDEC59230f8f3839bAa10e589a,2
0xbFA9d3B0b226D80Ff66CDa1dA3d9f8B98b7E68B2,2
0x7707abC50f4D620321B412F62176912441CB0C74,2
0xCfDf72036672304e0fCaF2b4DD13924AFD80E926,2
0xcFAb0aD1C001076a332676A06F9FFfAAabBC9c9f,2
0x68004f71D4099550b94D98A88cbbcC7Bbb9d05C3,2
0x24b1AE7Cf18F7de0A40b06db1CD0c73F89CDa169,2
0x13484AE98AF36019Df480AA2014D7ac373A46608,2
0x0461015d537A46bDA7aa48D96a136e45aAF215C8,2
0x80b2802b3aFa75e0B27F4592812D0E2546Dffb0F,2
0x7e4c6e4C7526c42324e5FD5f4791A3f0e1B58516,2
0xEba0253F44Ab86571d034de447f98BbE1b899577,2
0x07C01c359e9713de8B90f311F6c3b1911Aa3Bb86,2
0x6207787270Dd7a725e265067b05E43a59EaA90EA,2
0x3F6A96EEe6Fc090eFE7cec953ff478A7684E5060,2
0x84BC8bC066BaC6EC87eF6ACdb72EeeB494F69477,2
0x16f193279cC499ba7aCbad880c2c25565E28E534,2
0x7C4556609fC357D86929f8757cCe73b1965A07bc,2
0xA1eAE49CAcaffB32F39Ab4B6d92C4480cf6B6572,2
0x56031809895837DA1E299825ec01666412cF264B,2
0x282D27609ae20eb84Dca7dCFdBC4487428B64cA5,2
0x2aF562b34d04a15E49a1d5DfDD51dE1A2Eb0fa6E,2
0x570A9eeDa3c683A3d3ce30808Df59AeBe2e01D67,2
0xbDa298945F8d57Ba568f8845b14e7C26dBC7d477,2
0x136285CA58933fa2AD7e078bfF97e77e9C1C16c1,2
0x6E44570D0149D664AcD7297b34fe3C54c4455c87,2
0x2dC96094Ccb93bfAdA75e16D865789107147BD66,2
0xB99BA37bf26fC2d29093040e1279C9e19041695e,2
0x799507Db47A0b1cFa04eba742CFA0EdB3e33bb72,2
0x1B75e8f1A428F5Aaf3eb2d1D26f86329a1c7aa54,2
0xfCE72B957E64f760829C5697e37514C49229647d,2
0xFF11ba3BD60b0B5E703652e73d90089436398D0A,2
0xB9d815bADEB5E8F70bc92497efe45218e6393205,2
0xf12E45255f615cD1e4B33e071F6245CC996B2036,2
0xE258Cdd0321Becb83D49B1De9b0bef1bd2419D9C,2
0xb9b3C8561036ce6aDa738dB00b6dB63C1B601b45,2
0xbCb6001E579b8368e8C6AfF18Da9b466327a8787,2
0x73381DEd946f99F3C731731d90036f668d4f1e28,2
0x41c2Ac48AD5Ded8E3Fe0648716fA6f3F38Eb3F5F,2
0x655a0fD028895dB70e38b170360a0f312C409f82,2
0x1EF7FF97a061BFa52ceAE37A998F35c3a3004797,2
0xA8e05acb987f459038284BA0E12374Da77BB818A,2
0x33E3F8B26499e4244D8CBEAC762269AefA747761,2
0x8D952bA418be43cB632844B5b50DFfb991d7048b,2
0x849cEf4442fAE336CBf1EDee72EDDbA42595784b,2
0x5B5e7dbdadB7d748d94E42aC6CDcC877d3e94821,2
0xc2f5244Ec592c2E113124157c4b1F66B51639980,2
0x826e1aa115B6A8CA20EBA111AC89b4e107D907f8,2
0xF69c8654ACE9a0743c67aCBC93A3B368dbbFC373,2
0xba828401ddC90F1517fb10a64F21C4DF6941D9D2,2
0x67C09aA8A6944ac23362df184eb3893Fc8E4D228,2
0x7366e4cAF0b9E8f068568b4Bdd796ACA07250Eb4,2
0x7E41CDC3B9De592419e6AF3a5b539b236577e3D1,2
0x8b6eA092A99204fCb4f1273cB07C4dE46f39ACAE,2
0x1df4d3452E7849C9C0b08556c91AF95eF6b5FB9C,2
0xBF8b56CC8cdf6D4A5907A331b01CbEdF3B4B1824,2
0xd0A0B22471f6501a2017207e6cb56F746bad2f18,2
0x3A4667cB525e5bb6A9F43A6938423805F479856A,2
0x79abfdb39e820B27C35ae3F9cab79A032a79E507,2
0x51eBE85e856F343813e24a48B748a0F5C27D4327,2
0x982eE2b568E5560B7CF9F1FC08E18048dE051DE7,2
0xb0D146397a971FFDC044E407AEE1Ef7Ce95708C0,2
0x41a17dEBfef9ABDd31E0C79f1d305f34a285303e,2
0x2F46b7783eb522C446F06442ddE6D9E38500A641,2
0x91E62203f727AA1B098EC97336620FD0d6baA7c7,2
0x27Be3De03cfec5EBD39D029A466E3af5fa303D9a,2
0xD0af1E9bF3fA12ae262C7c61f84b52d5D462Acd9,2
0x55d30975551815b27EA7D58d3bCd1d8275891A08,2
0x1071D8D6B80Ac7Ce8A85127e2f37aC51c75dA98b,2
0xe9dd7618f7CB7D9a58CCf7aFdcE72Ae3b7d44eEF,2
0x332A96F082EB69fb7DABDB84029310184a6875F7,2
0x0dD6E1766153a12D1f57f077A612054089Ed3D99,2
0xbB3d5229bFDc6ECdA3424Eca6a7B50577bd477Ff,2
0x2681159112B9949c579147d4d52EbDA357D07739,2
0x5e373C268e48cA2f1DCeC9fAD8cef5AF5926945b,2
0xa92b9b366812e451CCA6768556376cA44cB7D4D5,2
0x89F142858a11a091253c42c6a80e1f48c259838a,2
0xd55F7512B890129B85C128Ee3946c5Be164fCe54,2
0xDD6B84a5E5160F834c72675d6eF99F99AA58160f,2
0xd347f2c0F4CF482A560a31d985c19dB553DE41Cd,2
0xF90d2316a5822f4CaFF987C1bceF132B6F192594,2
0x876c13aF12D6C5a417deB0AD7485D361748b4cE0,2
0xC8eA57f520eE5819eaa3303C81084c7FbBD22B1b,2
0xB11a40A02459b6FbE0EC1a265DA9867e889a29e8,2
0x22803e98d4b54a5dc965681C1342Af2F9BBf0f9E,2
0x87049C36c5F68F6fC805322d705293a86c7FbED8,2
0x5266F75D8C2Cced2F65bEd8d7f79f6F151F1F71b,2
0x91F10Bb9280c921F482Ca9e7a79C38E3C83D0fE2,2
0xe25fEA7387ffb3C92547Fd3Abd2EfDc579372784,2
0xF7902acB6eb608ADCB6e333D6fa37817cD5D86d3,2
0x5c5dEaC8109E91774ae2bb5C2c182Bb5479a818D,2
0x0397375608333050AfdCdCE2D75ffbaD4d57A64f,2
0x5812f2255cF4375132523FCa137892Fd47eB90c0,2
0xA92a381C3a2DF64A50de8dccFD4151434f93AE2d,2
0x056E0b3C170e7E68541A74529f0e785D5117309c,2
0x26a24032B580eb7e07bB9E901ec8b988AD04D732,2
0xC61eBB105f704dcA72205A21d7D911fD716Cf17a,2
0x1eC48eDaDec06a423024E68B7ee2248369A6a816,2
0x3DE635914ec86F860667A4fb32eB6077558A5000,2
0xF54c020F87CbD88093959C23F5347D9683fbda08,2
0xaE7601b1eCdCeA7AA8Bd4fAC95bdCb75431F4E6f,2
0xa2948Dfd30Ed286890d204A0f0e6977361acE2d5,2
0x72f090ffCB537E631C20F33948775E25D7be9FA0,2
0x87B099e92446f7cB366b1F2B073A27866734A13e,2
0xF7f403469573922761FCDC37BEa9dFD39562dFD2,2
0x87164084603212a0e6d787F44f9077bE714a7012,2
0x19F6304C9978D8b23DD43656545bF150BE2D615d,2
0xe47fdF377Bc688c7C35Cc17C3e7A443E64bF9F29,2
0x666b626a70920b947472579564aD656737FE4F62,2
0x8A4c162181aE4bdA3a162ad0B8D4F54Fa79eca90,2
0xdD74c3206f9c5753Dc76d51f14043c7CAf2909de,2
0x167C2060AF9edba6b8A0df1Ef648d185387AD205,2
0x68c0912a571d6eA087Dd4D562F01dCCbf0f03606,2
0x24B1570Eb66328c9D1a28B353750111b92Df7763,2
0x3d14D89868d47e4FA135bbC2148c5a2321cFd480,2
0xa6c5Fc8E3c12d80270855528B45E239BAA69491C,2
0x6Be13e9d6AED9F35e2E0e71029d5e992c6B65c2f,2
0x6A58E627db07BFd50Cd1fec19a9dd93C99a59925,2
0x3524adDDBFC88e6C4fe78b704055D491f041e320,2
0x72Ff5444a106E26a4563D2EA2E7872aC3222F609,2
0xd9F34dbaa88189d15057fe26288195B95D7080A5,2
0xafA50aCd408C15aA9E4b303D89544de0FF3CfEd6,2
0x8BBF9B46B0C2fd7405fFcbF1B69c2f990A1F159b,2
0x8D4C0720E191840D09CC3a576dE9A5e8e07B6ceF,2
0xF44fD9Ff0CcC4D4dD989b0C4e311679BDCE3177b,2
0xd73ebCF78B9D268CB4A6AB48BB6ceacE2A71f47F,2
0xeBeB47fC92B7E9CC45247FaAE4ec6262c53492C3,2
0xA7f709A6Fe2BAC98c499aF783563407F663DC913,2
0x9E3E738EaE675FDF7782C945ffA5BADEAAC6Fc64,2
0xC5C23452CdB7cBa3D3Fe99d81a2B572d68aD4Acb,2
0x87163Eba4Cda8B8A6a7171bB306B47754e20B24D,2
0x03Eec486D9B5dACe3354E5eB80C929cBB2a8d77b,2
0x229793cFe5A9eF1a1d3E4854BDE671598F168B0c,2
0x9BE80784535E42f69D63C4012d3B531a57d92CFc,2
0xa94fA608c041d6e39A8C846A7d75ce5e0189Abe3,2
0xc018C620d49B1D87D34433eA83C82b9BBac0f8F1,2
0x29395bC60630c097b9b96656446DEa1a29E468bf,2
0xbBC3Fa50c519778ECab92DE2d1eBaA70056A3FC0,2
0x63D114bb3ab6a91a5812C65d9Cb8E1e0bC9617a9,2
0xe4ec90FEeBF27a417FED8c7B9fC3D77577d09Ee3,2
0xA60Af66E0F5C444dae6b0c03d8758cbD59249520,2
0xf4fe0bE7E77C67A573dDD25E4C115DF8eC20d4Be,2
0xFD5Ae32395c9496568b4174Eb8552d52ffA2183E,2
0xF569BC1456D0978376eF66e771200e598B2FEFAC,2
0x9652BacE8fBB7c7fD9267887CA1d7b6697bBc526,2
0x62Ab91b5C571076A2bB4eB2f28fb0f7bCc79cA9e,2
0xFa1f2a6Cd4bCeca0BfdEE738B348a22E12b15a15,2
0x7166827134D03423DE3F37DA0F0AdD04E93e7868,2
0xd7F80fAf4eddbC7e71d35F1f915D0d7D2A603557,2
0x5a787141996c63698e603A0425FdE5d52004e1E4,2
0xA2054cFFc74B8079A161b0eF97bC7beE63f0cCF4,2
0xeeB67c8f92451bb42C27f5612f7978A9A9Be4192,2
0xc227175D03AbaC4D15107f356cd85314bf388C8b,2
0x348aB509194Aeb3a81f67B14bA9F36621d90581b,2
0x9f13C8d7917c19BF5D6e819C58b6F0dA8d03e029,2
0x245c7b7A9734Efc73b78E82aB2e4F0Dc49F9c764,2
0xd4E99328fbEA06Ac5c8e0D807fDa2BDe9ccFa5ff,2
0x1e635Af75763332cf8398F3eCbEEd17C6b1375BA,2
0xA7C0b80042267d59a1f5f463819C372d0f5e7f19,2
0x02D2e6381b42d55D04614921F1Af258ac7f5ae73,2
0x6D17fF6c68DDd82c4b37FBD3F6798246594253eD,2
0x0D0E3A853142E0479b17206BBF3D40A5187947a4,2
0xC10B9A0dA569828c6154Fda39A70C2d4BDf1Bbc9,2
0xDAEcF57556081C6eDf3cbc045baC06AF67D725e1,2
0xC62C27c03794d260751f04871A03B9BC78869a9f,2
0xeeF42700e19a886B810C2f7b9514EdeB0376E30F,2
0x351990ACE8FA0335Be9Ab9bD719d09bADE4F0426,2
0x588AA0567120559206AAE7eeeCc66D51fD1e3Fe8,2
0xf22FaFE7D919fEFa93Fbd4C5F5dFFFafEc9CdD3c,2
0x0B693e6DF4aF80e7f0Bc98d0b25aa38AFd328a68,2
0x52b23BD87d0e4Cb8ea441cd622c477312E81Ca1D,2
0x4c6eF3e279B9822265C0EE6cc6Ce5F42eB2553b0,2
0xE5844d828Db3bDe1749a7129d74E7B1f2E5721B3,2
0x9Ea0Ed94208a89EC83AE502d9778c201109C7eee,2
0xfbD7DcbA69E82b518425afcd29f25e27D88bBc37,2
0xb8e112F31034652878c982E94BEd1F8691DAfE8C,2
0x89877519a43cF48aAD57cf6E842c972Be153E218,2
0x668a76555f4f7c77F5D0205899E1494D042381eB,2
0x5CCcFce5654A3cf3a74a1747a3b90E407F472b10,2
0xda967C083214666e77Aa82163fE5fdEb85f94fA1,2
0xEaAc3334973Fe9615Da22340A5a57356254832f1,2
0xD1F411E83a710AB535b3Aad6fbe9e8336a9D51FF,2
0xf0AE700753359e9df5Acb0175b96141070B4749B,2
0x6E7B06D31499108ab4372BcB96DDCffB280F2BFd,2
0xC6439284fAC4BF23A63011CEC1A55F1F55eF7629,2
0x7fb5Ad93e003bBCC46a4C31CE3Eb9A038D9e6329,2
0x76Bfea4E102731e1f80caC8C7308AeF58D2c0Ce5,2
0x2AC517ebd050717e00A5A6a97EfE7A6560b669dD,2
0xF82c2a06dD7eb4F223C19BdD72392bbCD64Ec0F2,2
0x606a4DCf0CD3226D644fd26BDb00F888737F9156,2
0x535748a2eFdA7ef5b297E7872413622765a29ff1,2
0x071a8dF712A932B2082A75Ad41466a33Cd1D8F4b,2
0x5C18C71945ec1e4235C0478E8eBaF1Cf2F25f74E,2
0x005a086c2ad0f0Ca12b80FAe7c409DD73e5b30ea,2
0x902B2C7987A8e5bD165f2a19743870D926D24F49,2
0xeF759C82418D2Db4185309Cb7c2f1b7A9329B185,2
0xda47C6D17C32B7f85206f4a0B3aDe7345c0300E5,2
0x24eF2648Cf83d9Cb87a3c7Bf994cBa8a3Fe0aD60,2
0xAfC6F1A8Dda1Bf66FCc33b8534e143dEF5820cB6,2
0x1FD8B6Aa2E2826356965C7d20deE2068EcC9Bcf4,2
0x431F882d866B4c7A37074D0aF8dcf2Dba9a494F7,2
0x3D872BEF519F36d6849bcC02F9a34Bae743028b0,2
0xD25a9611b3743fd4821BB04015B3131747810D3f,2
0xd0BB16851418cCadb2853C2cf2A046e2d1884B56,2
0x8D18aB129C3f38a71B0Af6F2c9D69053bd41739A,2
0xc65c1066B39de5a322989E354d829eFa8eD0b17D,2
0x546d20ad2E729136653bBa9d24f7d45Bf7Cd8b40,2
0xb85717C912509bA13eb093619F97E0B983a7E32A,2
0x5FCd9d901658fCc3D200E9b5B6b685265ac835B7,2
0x893bbc66Ff3F497c45C307893DC7e733639109d1,2
0x4Bd0ED5792846309Dd6632192F8d2eE78B1da2A8,2
0xF874f3aEDDD1e8Ae8F92787286111423Cf5360d4,2
0xD1637889f1BC858A807bE5ce8C068283C2643503,2
0x2F59264cb7BC04ED8E7ADe505355a99f1465Bb49,2
0x2d08FbD3b3F41a1E34024061944fC76639Ca9a42,2
0x44A9F8B6361e54cCf2F4E6FDaE6a34d8557395b9,2
0xA66c88c0aa18De6f59c530F535a6309FcD415cd8,2
0xa813F153231Ad5979C8E9446F6Fb9Cb1e01fBFef,2
0xA25b7224f490814169571c74B4c9F3E8F597351e,2
0x50555f74064FAA8e03AF0fb983895223986E35A7,2
0xCecf4C846f4e4FB4BdF3157fb307e4DACE998803,2
0x771c20b91A22daD4971F90c594b44c699517eEE7,2
0x238D29C1504BC9d15cc09D746F149d32C0Ea8f5e,2
0xaB85205A6A2cF398aC3F2E38452e68ef26e3b2d6,2
0xA4a9B77e85e7C9C756E0e44B6cb59d6a4bc8E64f,2
0xCB2132e39Eddeb40BdED951c6A320c10C433DBdf,2
0xfc927067472BD266B9dEEDe115B26a98345a5897,2
0x3E07b83E8aa5a885188f34A5A7c0E596F5A397f1,2
0xa08a283E9607bfdba61544D7Ce677a9c1eeAA9ea,2
0x9fb91f214395144E0ACfACB41ebF21985aCdd73a,2
0x48388E779B070D76E12b0FeC29362b57A13ce639,2
0xA8A1f39F936A4C2247E733310FB5F7aeFE0CF075,2
0xC7CaC6CFBbc1DE34959f814482ceC372081a8E26,2
0x564b611cbB77a30caF25397fb225fB7296908f44,2
0x05013F584b2A384AeB4573B18Ac6887429d9a078,2
0x472c2F491925d885292A2bFcA327aD0C490200dc,2
0x66A32b3e3C5512272Eb6c4BBf26c98D68D87d513,2
0xC7cd44229FF4489900e6F51B00292531D2b7202F,2
0x100452f9f1461Cfee8424C8Bccc2A9E21f12215A,2
0xfdD34860370950988c9aE00b009a78840D969835,2
0x98923C20475B885aAceF550E30C42E19CC21C60C,2
0xA5Ee50B9B2c40BE4DB3D07745BBC5CF8E7dFf10c,2
0xd07964d7EFB20B6Cc3ce5551391669dd4173aD82,2
0x9d87e17DEe62064f0814AB7aea7050FB71fe4cd7,2
0x7C1317f0139F045EbE1353Ab900288106aFC518b,2
0x602866A373EA4524252E9B8d20355CEDf6E1a4f0,2
0x6Db64D91DbE089556b7186972C5f1cdd6f84d4A4,2
0xFC485746637b30fC96ACD3Fec7427A11BD4EC84F,2
0xB9C164B9EaE2902f83BbaeA93838380051cabbaf,2
0x60b3f5e863D615446904e49E6adA42b798A2bE01,2
0x1a082c6Ae725e85aA2631e440d837a78F34D1F3e,2
0xD5666D46fB771C0fE2ed8cac6D56b68F80D884f3,2
0xfd2127Aab6Bf2E1Ab3db7f3905fe14D4f882034C,2
0x363e63B399b3A9831fa50d9940b6806ABf2a09Cc,2
0x3Df81A16e2f2D3C1044f9Eb8D6cbb616940b59f7,2
0xBF06994d93E6b64128E2E74BC9526F809f18dCBe,2
0x56Bb4F7e4C3eA67AF1620356FAab642cbC35E7b4,2
0x0950Dd08143eEAB5B12C1797096b5C7878E40E04,2
0xb6230dA2BEc867cd51cc72c8FAa42B4EBbA7C837,2
0x82b9C151F2252Acc05aAE3E857C35E2B11BDa9e1,2
0xbB145D135536830d38D25c7E3368E619252Ab30b,2
0x0E9D8269f5e1BE3043A290fb018411Af3bB695F1,2
0xa70d3Fc294920e9Ad26fB8a8fEA0598bA6262D35,2
0xB670A466f3c39430Bd0aD833C0f7a5eA65C891Ea,2
0x75E5F28D9E732eBA3aC08C2cC873F6D598B825F5,2
0x5e2b58BAae7d49540397CFf2117850e977E4C150,2
0x5Fd953D715ec85B652493494CFD7F932E843fce7,2
0x53dC996d03a2Ce6aDfe7577FAd83E22F3b9FF924,2
0x0a6e777C3bC390fccaF1cE5e78B67aE72726C8aD,2
0x37433B6b5dA6CE742AEb963ba5EDb85Ed7DBf129,2
0x9Ea4088D921385Ffc45dBbD1c70faa272BFAd1ea,2
0x2965e7f1ffc0F2b2309Bfd3793ba07F99F198056,2
0x8d0B401e0996e9fbaa462cdbf6Adbe93696F9bDB,2
0x90DEaf8a7423ee340feBae7337C2c027a9C3466c,2
0x5936373bfB73e7e3821E270Ad51e5FeF1F1803B5,2
0x01E7BadCe9C127D8a174C274D1a0BA21d1D618F5,2
0x225d65C3Ba2427526D9dA08E8c05BcfcDfEf5A7B,2
0xc6c888F53a4f9b774886e58bF848f6d6F23Cf5A9,2
0x06c9498ce25C2D5a940e3582995305D8305D4879,2
0xC94e118e0c487b86B2aCd79aA5FEc847816e3dFf,2
0x65dBD0984fA68E51de10509b888d364Ed880644e,2
0x82802b8130C76568248B33372D37F7551dB2DC49,2
0xa5e51e63bC12c6772c44F53b07e76704776D8c62,2
0xA8f3307614E93eC0482831AbDeeb3531C11316C4,2
0x9498920e3C6672A391f75a64dB548860d98C24e0,2
0xa9bf1a903a9704F0D97B504749cB6eB6E58a6803,2
0x088d9CD73c92D9D2Ec7F414Fc8395bDe338d983b,2
0xb00AEA37C75f14984f17C095109A90ba901BE921,2
0xb51CDafA7c7Ec07A0Ff8B89dCE1B4bbA7B772F82,2
0x2848BeF93e293cD8a7be5499cAe348d85270cF82,2
0xA01Fc27a71f314878B98b1d4493B4A8487FAB0fD,2
0x02e429974A17fD0e5dFB452d1D8727387A1287FC,2
0xaF3C8ab42E68314677dd06544Fcc5E85F401BcC2,2
0xA24DADA198f79AA58eCC9610D60B16b1fc8bE16A,2
0xCC5a36D14E5cB564345AaaeF8f8D4AaE77Ec5069,2
0xD10D25335a58bf0B6478283EC1F2CC0b68a60A84,2
0x48eFb989672ED62daad615000381b21293486403,2
0xf551cFfbb6058298A4637390A9c2179cFB24b9c6,2
0x7E84d37E40D4fACb6dF6EC3197026C62D07A9A5c,2
0xD0f1c0D1fA99dcCC1939744698B88D5a9C54DfA7,2
0xf614C925A482d3CAB349D393e6e2f017FF499940,2
0x0113ee6f3b11349a2B644A87F2bbbAFd538a4E14,2
0x124e2ad83b190010a32aa924Ad4884C30172D2e6,2
0xcC48Bf3507F4A65b7B253862cB3f693873F68c06,2
0xaDb232259f111e395dFFd24Ce2Db3C3dBE3EbFa3,2
0xFbB2bF9C1f8C3A38e37EeBB18a12d4d11740A0bb,2
0xA2F10fE0fbdC27528C02bc91ce4aa7E677dA0Aa6,2
0x672FEEc8415dC9EcaCB4a839092216c505Ff81A6,2
0xDeC7C1eF8Bc3F25CF75FA37d946EC69fB87Fb60f,2
0x2e3eD7467aab26ece407B4Fe9Aa2Dc9e238010a6,2
0x447a6b6Ef0696629EF9C175F4a1e8734c3011D42,2
0xAB2a07B175B29af91d7A938399EEdcd01Be899B1,2
0x74114fe56117eE33e884cDd11F4413Ec5e2b565d,2
0x4f5FAcd1382bb4C8702165bC5f45eEed6DfF9F2b,2
0x0675d5bB27B67426793D4d9C23cb2AfF5564eCF1,2
0x0D7C540603B2f0F87d937Ed71b1B110f2722ec80,2
0xB042E8341b9497F51c99C9647CD5f713eaf048bE,2
0xf3C246F07e1Ecd863Cf2161B9f5F28597656dF46,2
0x129019E26004BF957A56d1509f3D3d7BdA252AFA,2
0xfd67C134630532Bf51D4Dd1165bfE26Cb37d0EbF,2
0x2E1AbAA1F2d85163E3495FC9D7b4325151d7296D,2
0x8cA19c7096936e622707e6892127F61FEc1F71f0,2
0xA17E41616eBbcf17Bc2d734634664855028D2384,2
0x8Ff067c27591314657Df3D3Aa0c2e31Af5a768dE,2
0x326d8A39c53F16FCB3C6b5EA89bEb9Eebbf29a3a,2
0xaCEcebd231B3763A410107EbB1c4f9e6A45D372e,2
0x82CaA66850d7650c8f3892F556B2c2864A0DFB44,2
0x32F2Dd87931B44BDD9384bF08B5B3B05316e7336,2
0xc38b72730E79Fb66a53eC3E1d49e439D58E037d8,2
0xa6fFBE398B46577AfF402ae1FeD30Bb5ea49165A,2
0xf4ceb3752c4A3c62103A50d94003CCC24710A30e,2
0x4316758B2d819D5cF651c41E7B3442778F0eb85a,2
0x725A316513Fc2BDa7A19aCF93427f8c810e62E6b,2
0x31aaBcCd399627951B742bdeed4d369cEc250141,2
0x499E3eCa8b441b3F8F9701af4c4e2B244D9D9186,2
0xC79914A8937Ee16C7f548c2E0510dC59310d91FD,2
0x886b244d2B753cde5bB4D3925ea13DB6757610C2,2
0xb8E515F540B7f8bff1eDd95E41D70154Cc88340f,2
0x9FBdA696ff42451917eB858A2Cb15Ee2e5a7fB38,2
0xf5dBd1cC9291158DA7B874184378BeA0ce540974,2
0xBaB807eD90A50A890D0e060F796d038faC5620f0,2
0xA70721C9aFC476a95F2EA6a409FA7277E11078B2,2
0xd8630cCF609e12b91E08Fb7d4A3ab24a481EA8E2,2
0x9E46696967A6f2475de1A1B147831c93342cCB15,2
0xb03afaF797323e69589345724E507A5042AAE228,2
0x32fbD8a96B92402a47834EE22b0646555B88261b,2
0xA48F0624F7716303700dE876770691eBE41b88BF,2
0xAeaE0FBb71c4Ca4AD537860536C04406181F50FA,2
0x47A4Ef03F96C824E93bDD86C04ac795dd6b0C719,2
0xD009763d4b37BEab3080D98b6667E7E09E478A94,2
0x2E30e9DFA86439EBcad373b42Fb582e2A24A1671,2
0xCA5019Be5e2bBAAfE4fcC9f8f15A83e09A747AFf,2
0x856d3c097c2Fd09eFE170f749110858e99ea4B53,2
0x05F69E7347E4f1b9BbD3E74F19CbeD4F2F0a9613,2
0x478752d14C747d9FE57c03659eACAD542b9aFd8e,2
0x7fe0f51b1aDCca5FC8497D3C92c0a95ea8a7E7B2,2
0x1e9aF95E8615d2FAc0B384D5d27Bda0B1d787dd8,2
0x63c2DfCb351c3b7e236bd94AE8957EF4D73C215d,2
0xc9e26870F672e85b0bE18f5015d0BF832e17662b,2
0x3816e5E5794a8f04D62cA66392D457Ef4C757768,2
0x7FBcC9a325B81Fc26f2176e43e3731b1733DEa8C,2
0xB7CCadEA301cb89878A19d3d288b667770F72CCe,2
0x6998FF8F5164489eC870FeF918Fd8882C95335A2,2
0x2B9cB9D682d8027decD7DE613B223DAfF825EAcf,2
0x77b938B276d70A2763E35a2627aAf0738f2c4c12,2
0x9cA59AeD0E07EE099eAF0D1B6652CEfF65439eEF,2
0x31873398906d433f74AA8fe5F150a9DF886185ce,2
0x36cbD438De4518367E9BdDA134b5F52211Aba1b4,2
0xf41ab6F59E2D35C26CC2B4cA2A1D108EE7Ed22B5,2
0xa5BD361cE931DBB6bf78Dd468C8c62c30C5fb65e,2
0xF2e69FeEEa9336440E695DE7e44E51c9914247a8,2
0x07Ff77ada0dA0b9215117C521dF01740B24ED62f,2
0xf1674D6fBf2e72Da3FE0518B5b960325BE95e1E1,2
0x07d0276090828928D078383033f22998f7cD43ce,2
0xB45923280468f3D51C5d2841cc2DC1A74786a330,2
0xA783d241F9cFB75e2EFd730e26eA5F79e0079168,2
0x0475fA6F860CBe407780bAD1564380af0Fe6a986,2
0xda07c6760645b9FF5031B95815E6a4687b151A91,2
0xF0b150e25545eaDaE11A67aAB9cCF7589Ba1d84A,2
0x94e747eC1fA0678D5A74908482843B9D7C6C491D,2
0x5AED24bA1d084Ad01e78c4da8620A3A58a4D8297,2
0x6F867A62e672ee75f017f7ed8FF7E0A1E9667078,2
0x999b6bC0573C198064F5d9F61466714dD422c420,2
0xc664e9fE98C0eeE8421857505Fb93976F2821efc,2
0x4b6e95825196688a8Dd93Cd323D2b35fe1a361d0,2
0xf5A0684C7f6ee382640D57cF5065e6c228588D3b,2
0x0d5EBa5b011b62bF947EE4fAE14019543E704621,2
0xABc21AA19348067ecb57E484379fDB391aE8349b,2
0x6083d9863138332694DbA72414393344D8BB41B8,2
0x2F135DEe3dFAf173fac7c487343ac5E6203C3314,2
0xcbF44201ab40D914df0D912dC36C6dbcF1Ebc2De,2
0x9f19D8dfb64F8dbe8A682410E2687aAEcaB402e0,2
0x4dD91C218d54A8D58AcE13DF4456664F365c26c0,2
0x5fC19F611a0AdA1e995857C6f7De131628c1e621,2
0xE486E543f33743F1Df680a8936e6ab97B4CCF799,2
0x54f5AfA87F66F7F6d28d833a498542eD2870CdA0,2
0xF80E5a9CA24d763F1161Ce2263a19AbCDA4893B9,2
0x6c9042C3eeb1e71b602f6fFBeb61045eDF40f4e0,2
0x4178233d5E1C9994e593F9B4845e2B52CbDE4606,2
0xE4456C749cA428946c86a9DEaE31c285712D0a7A,2
0xF5D757AD6B71e180aD9b1c1F381C066B3FD94dd9,2
0xe0dEe1131c49183459D344298de6fB17c9a3623e,2
0x5a4Fd663543C50d0CDC9C01F73Ddd093154E3845,2
0x1E278B392A3222eB1Ed00A877402fc6266366BE8,2
0x9D0296FC506a704bE9C6423Cb581828Cb6a137b0,2
0x5a0108D914ffb1c9803Ec027CEDCeD7c545cC772,2
0xcc42849a3fFE883a4EB9790808F43Efb1b68faEd,2
0xe8C11719b8DD171278e96A71c052f0c387cc8e92,2
0x791604764C487E3d311091DdB5c370d8ec1aA74b,2
0x2bE4232DE557dD629bcC46bFc1bf2E8c5882EeEC,2
0xb5FD21FD27097585868a033EBb9C427e26842a8F,2
0xA8b3c8747D697E430792EECd93Ce66536a4fc34F,2
0x65D6c9730C340Dd4D84c677dFe5a661bF9345663,2
0xBE22749E074Fcba1Af53FD18a8f20e8f4408a0b1,2
0xeEd1E501A7260fD4213eADE47f45F7184fF82bc4,2
0x43C9689C0Bf6f0Cd5C7245dc8fF5D503C0314dAC,2
0xa13eC9D6B2D2C45667dCf728B59fD008a4b1ed8E,2
0xA5e9d44c2038E42B00657F39E789F4cb06fBf7d6,2
0x714D76767B46774d4eaa1F32762563462844FF26,2
0x57a7fFf5Bbd83569ECFaA5804b952B2b7B769aB9,2
0xaDCA23d25683886433cA776B4f569ea7FDb71632,2
0xd580D8a6074DC79E48D061dBdeC77aB8C22cf453,2
0xbF1994F4b3a9E26BedB7dfcE912959aBd7f879F0,2
0xAB8CaD9B98234a86dA587F34e8777418A396Eb6d,2
0x2141bf0a53F862eFf270A46fbfFca55fE67Cde16,2
0x25EBac6405cA75077794c01cA327713D81eD824e,2
0x8d1B7AD38a78D0a1Fb6E50cf2c900275E6500Cec,2
0x6B8db86c2652F7fe84E7D587c6B35958Fa712b38,2
0xF7F524e78B16694B3b8D0885657678BcfA268E77,2
0x29Fd873C5384d35a3e2598C03473D521DE58c454,2
0x9A37C2Ed03042B9A250B0C6Cc517e52F528C49A7,2
0xd78398678123CB8A0C8a183eA50E8c7009A15BD0,2
0xDA86164544adb3722D746cCcF07aAcC7B99Cb0c3,2
0x4982b4Aac72Ec34D0093aedA0c6Eb6b7cA8451b6,2
0x1f436356516Ac0331C0088048fDd3e5232C446CF,2
0xd1539405C809eb94E1c03f2C240F0E626214c4C3,2
0x21da933e032f4F6b4cd1173fE0FAe70E653CD05e,2
0x264ac1e1C606638dd257E0B84DF1b604721C6F4d,2
0x44BB5952ce1BF977E7210f573fecF3692338f16b,2
0xc24341D6c0eEBF104AA8Be42E83745b3327b815C,2
0xABFA0cdA747D93f40a445e4050dF7ed5f04e9656,2
0xEC242249d6b38c3900399202b29008082105e2A7,2
0xc80245a825D64E0B445591A136de1c6f2bb981C6,2
0x9270928C41EEfE81241f107C286FF9aA6679c3Ba,2
0xb2BE3E342618c9a906613ef5886D191d9b9dED93,2
0x668836300214A4D8824E69537C77382faBD35A1D,2
0x62753b5130e0762FCB37120194bA612Ec78Bf03A,2
0xd73637F765c73f69973E88b197194be6A97556a6,2
0x61F3Cb945C99C38A0a21C244E7A0992072721c41,2
0xDfbDa93783c5a2D0B51aFD94aAB8110D61cCd74e,2
0x3954A1f1DF2EE609Ef56E82e6dE6EF6a1954A275,2
0x73D8D7fed2FB2e7AF75F4f77330A4978313A312D,2
0x38a81Fb7AC71BB3f7d4db7EEC829b9344D888Ade,2
0x427EBd94F75001E1cE71FB8449A4224c04786F1B,2
0x0c2D4f7183b4376C0f277e47BE264833519fD165,2
0xa7B8C43915B4B90c4cF18bb50ddC9D6bB17340C0,2
0x03f502a3B8166f5fB7ad7413bae1dC8845fE2604,2
0x027AD409cfADb2ec85bA27F553413ddC4FEe9487,2
0xC45cc8650B6cCFDA4f4A513b72b678af2CFa4A2A,2
0x9a010D03F5774645dC8Acb13EbB46583899f2E9B,2
0x3c066a7339DB6EFc3B8ee80e491AC537815D39bd,2
0xDA032E8CE4baAdFe68cB1Ad0DD9211B246dD29E9,2
0xCFE61d32903fD8206DA82e48F118C2f6714fDfE8,2
0x30C71a8e93b2312C428d6811cE8E6cdE03207931,2
0x20417dB02d5C39cC11b5F10ae5a668367B2B226D,2
0x90443e1c4EFC6e19dBe39ACD3d3f007Dc6615108,2
0xbbd0f4F38eed91E985B0FBff8346A831f0AcdE64,2
0xE5cA5b79725dC865eC514286E0f4fED426565AcB,2
0x80b9A2a6BAe48F5c6a0DC6d7F8eE017AD4998245,2
0xCBD1f09E37912dd545b0D4D131195180432d33b1,2
0x703eB1CDb03B5bB957E51c35035a70bA58446964,2
0xF8D46C81061A56646d0516cEe8f8313b0D8c89Fa,2
0x717c7F298D028Bf6eCb71B670f7C9974C7c77F69,2
0x16eC3d0854B0d25694B0f2bfcE0E3E7D2B16eC30,2
0xB62695c2D30eC28263c28bD4DCEC3B6af0c4f6FA,2
0x981cBe42A14630Bf834dCd6812B0030c2F0ff2e5,2
0x955a9237ca502923Ea8AbbACcfF3D25C793acdf1,2
0x24Cc3FC3E0C10452eFf499a72E7B604b559E3333,2
0x47F574E725D10d709d7Fe6f15e114494C7F5697C,2
0x72B469146926ea132a38818bA4cfE74Bc5FdAbFC,2
0x932C293986B7f1F091757F39Cd61f440E46Be9d0,2
0xffdfBD4bC0A14B047a9678E308408ea708FB4042,2
0xD985A3ffE67c1Ef7f89c4E7f78212C48833ccB3E,2
0x52C76604f2792e63b6f48353087a5F39dF449554,2
0xF3fF816d2eCC3cFb83ea7de4db2d3B1548b41021,2
0x7dEdd9C87668b1A8196A5741c8C6d51dEcD63077,2
0xEeB2f96E4eAAa7F207fe8e0dff145D831dAbfaB7,2
0x190512C1641fb05718604a643E5cA4ef2535B333,2
0x6c671da6f9dD532EeaF66Bb4bbb481783bF51bA2,2
0x0Dcb83F93462a5119E4B7451e0cb9B50F88Ee183,2
0x18bfAb333D5d296Bdf7ba476913c30E1D4bb6Cf9,2
0xb9577ff738eeDE6F89aa8cE132C56133d4b02250,2
0x5cCAEA5e8dF4cC46CBE977249EF6D560bb036D71,2
0x2139752Acaf4B6ab3295Fc8b511bC1D7d0a2B090,2
0x6fef506cF7cB6FaFC2C380798F6BE34D00E1f796,2
0xAC6ccaFf7a12Dd32368f82c6358FEDC09e388697,2
0x457a55294be65d65512441be0C6d47ED710F4415,2
0x140811ad3eF6963463A6Cf7A57a6c831fDB31f09,2
0xC0fD663190Af5C8AdC3BC5f569e5d0684D8058f8,2
0xcb466B2b6824200779B8e93Caf8d183F17bd952D,2
0x05552520649503CE6465275dE11c6d6b6Ed40D3b,2
0x0a6408D90Ac252be0aAa3c819617621D84564275,2
0x8dFD4fcc5F8D930686cAA893c3F24Ae4A2Ee80A9,2
0xd4257c0E2cE14dDE4Dda14ACF2bAF9f37a1CA1A1,2
0x0036185CDB9307D325F23b7bF6d14BBf7F766Eb7,2
0xed059A0729E98672420FfB8EB874FdfAf136072C,2
0x8023530814A6B1E42D1b8C44B51106F576445ABC,2
0xE30aA6e97043ba73160c9257A0cB4f57e694FB8d,2
0xc8a461992e4eB31d8A7be27488EAD374BC62e520,2
0xfEa5064afA36dE0CA8C7e8a26716eD28196e8A61,2
0x6772C432Fe65D58E3453766E3703F3Ac50Ea789f,2
0x106668d84f0D8a9cd860Aa8453f1831E326DbF39,2
0x1FbF6788868Eb75a40a40b653f6B36b8AfD6140B,2
0x8e1Cb4973524a586E58e6e3bb35b32CEa59dd9BE,2
0x8BE40F3C23162Ff378E6f77ea79a175e92F156f2,2
0x648118F502F8C95aaf43eCE36777FeCA97854c07,2
0xD4484f57FF23B5a7658edBB55c6D8A6CfAEc8de5,2
0x9A68d53ECf6a3fE8d5cD2e91F8516C3a3e5e25Bd,2
0x7f60d6e8c10c0c81316d8F091E56090bBBb54A6b,2
0x34B7f47d3BbD05D1C6C7055dAD9D4a5217390253,2
0x3449CAaD11Fd2e4E068e01ef80867FE2D3c09A8A,2
0xB9c3F853c1291b8274AAf45a8ae402F508374A82,2
0x3e44c9146E1754A967228654Da97C52AfDD9Cc82,2
0x13eD0450Dc5261FA5d2a09f7400656BBb62cc960,2
0xb816616F29B86008D38bAd9caa00bc52C6d04C14,2
0xaDB0c5938E6105577aC58306a523C2426a958d00,2
0xc21C9cF23460c6eEDA6B5C0ED2e028c42c39A716,2
0xA3638B03681f44a8a3EC820A65D2a010413577C3,2
0x891548f7B2E4d4BeBB25167d78de8EeCb34feEfD,2
0x1371508e2b9Fa9981B51bb26e0D1dd110e7A3965,2
0xAE6A96319362EE13965f0fa9A4Fd7aDFbBeE624C,2
0xBb61bCE00ab7Ed85ba4A4dCb3BDFAfAf5F757785,2
0x1f5aCC0631AF870F475691553559346F3d952988,2
0x19FaBe436c87Ad727F4F6c22B491c63833c93492,2
0x48b560a69564e4CFe84e3ACc8e0E7A4826D5FF62,2
0x5979599dF0e056782235B04db7026364E8481EA2,2
0x6a38955c303437435102DD7AaC2D3f9Fa2324e81,2
0x2975af66B5a3cd0845282230b4dD4e22E4BD619e,2
0xf1F939ba54682f3bd87792d80Db4fb879a97d415,2
0xa387516eAbA3E5b78Ae2aa8586135235CA804517,2
0x1FbE04229DF0F1c5BEf63b97823752570e4cCA8d,2
0xaebfa5DF019bDB58DF7e7C9b83308f0D79eE7e30,2
0x404Ba783441684212e95c08cfB95F36Ac54fc247,2
0xf9facb7BbbE1232Dd8013d3e67fbC4E993F8AE9D,2
0x9Bf9B70536e248DB434cD41Bf290D75ed3c73F9B,2
0xE587E74bcFaA972D9C699DcCF02b86aa238E017D,2
0x44b61F3236ece5282cC3C2e3EA42857206aB6E00,2
0x1Cc4bcdd03cb7881E7419F6C8c9a34017242eb67,2
0x9E636156125a95A5ef681F4A8b6e4025CC83291D,2
0x1C8644D815c63eEfa5a2C53D0a86165435e74485,2
0xdbFFfbfAC2F83Ff7279d24952Cd8a217b84C7645,2
0x0Ef13dFf376184E64705d21eF832b49b1E682A69,2
0xE441DEefEeDe4877BD85de0623A58309dC5DB183,2
0x4F82376137e5998076A27d85e5034f48b33a1059,2
0x5F291C38EB2047d8b1002F567eD9248E5084e00F,2
0x84c3bFD7D60B0c8297f7c37F55aE6e48684ef00B,2
0xDB7839937223050ac713A9Cc63B07d1F75B8Bd85,2
0xF8d0bf917DbdeAf6d75f01420E70627d05A32cd6,2
0xA28C8c5E6e2858123C9BC45BB1A3987F02fEa036,2
0x6006297d7aE627873B68025f66f2a7A98F7d7E40,2
0xa03Cca921c080A8D70A0FB39B9a995214F0D8683,2
0x81aa05c7bCC8feA89A8b57083f6bB25D3c812509,2
0xd1d6E882EdDfdc6E66061982C382d20C24e4675a,2
0xe25b18FEDa50F87A2fBE69722BcA678471cD80E3,2
0x8F096868F912b2482574b927cf5BCCe0a9706619,2
0xD636572EDe1c977695ca4EbBB7a762eCb489a3A3,2
0x48B0612A813132aAa6A6e4B27542ea13cc453A88,2
0x5836663320EC23926C34e8A3B10c8fA8268C5D39,2
0x629541103Fe285EC0ed699E30067d6C3F25D5E17,2
0x0307A425dB75EB2521e0A96cEf1D1370b2F17Ef0,2
0x3e8e91DaDA270F58fe4794CF80a30c2B66cD9562,2
0x612C02aAFa6c3Ab7ae5C4f33E2db150d953e17dD,2
0xfe7eAa140C9533e6269Abbaf85b12720f581DF1e,2
0x8EBbDD25C1a9e13e907b40EB6e2FeDEA329BeF93,2
0x6Cf63b6B098D6724B54FF649d245Fa803a39B01C,2
0x82d1D3B58D215e2EFBde56B016a11dC9AB9Fa716,2
0xB1C726527E4E3594a13944307f93B12c0805410C,2
0x5DBB4B7A98E5d90F6b478DBb71fF9F8277526C8F,2
0xEb0deF23e607Df6EA71B278559e922fB5B78E584,2
0x3350672fE97B30AeB1b13eF666460065B9284786,2
0xbB1d71c8111b95635B8c9502F16676f4b9b654D1,2
0x9115eC55f87B07DcD0F415BC846aed94fe7514F3,2
0x79C9B9E86E78183137865E9ac9A30f0e02009E2A,2
0x57e2d98B5B2F80688e54fA90e29fc95f814c9D16,2
0x8b33357B5B3E9d09dca0a842c903a3Cf192ba7d7,2
0x245289782aeACAa47438a64594c319c2b613701e,2
0xcc227C98A4B77fE590cBD2f83943d060073aCEae,2
0x4C7Fe8C24c19c2C252a270A3ed1Ae3E69Afc32CF,2
0x7B68e2922f71473c9B3b210E9AE041E25D1c2E5f,2
0xd63F317FA978bD450f14f9f724db8b251C99f68D,2
0x5321cd0793EAc82735C61323b7B3F1399011C838,2
0x1F1D44F4229cfE179Fb3e9d0350A10C191a319fB,2
0xC59B055C0784432D8fCe579e537050235D2C3e1E,2
0x1523C256304e5BEc837C5b6BF664be6A2c6b604C,2
0x0c6fa444cF9Bfb7aE87fc1A70f70CE1c6B914701,2
0xc6D2c231856eC3e0132C7bc4A505C65998501d41,2
0x698D380C4925C78C1D8730361e6d6fa4719E69D2,2
0xe7e2A29aefbF85F77b74D7fbD12E03Fe0342C611,2
0x9E167D5F10082B75D242Dd4a6a7C90fC07A6F4de,2
0x5Bc93b679d6920fe8039D2a7862AF46899A16eB6,2
0xf65a77DF6F7e460804E8f13167D9Dd2051a54eD7,2
0xc926302a5Bfc1a5b6Ca750D495795F210B6918a2,2
0xF73E7ACbf3B9fC09Fbb31f4B9a0fD14944729206,2
0x0582fdfead21aA2CC1F7De75a9d696A96218BbE1,2
0x5b22a462933EaC8F96ab6d9b07f2DCF8a13bef34,2
0x71392255B57cf69Bd48477C8884e61dbd89Ed71c,2
0x201f5d36c0635665356b4fe65965DCDe09D803B0,2
0xDe88b5fCCA35AEd97210f8CC2f4FA6c382B2388A,2
0x375D58982e558579fF66B8b0432127ed7DdC551E,2
0x903A19DA93E4F292485B1c0C3456E08bA463afe6,2
0x51b8011b6BCE16FCaEdE4c319c83dc00E1aeD9Dd,2
0x11966dc66ADd1f8da14d1c89F0B5ab083bbFeaBF,2
0x6c9EE506566dDe02B6bCc33497d5B140fd6439b5,2
0x6c1959091c6135a6F979BA3cC751e0C9925fadDd,2
0xF3ea812296181D53f92E649560AE43b2df32c1D4,2
0x9F6c14Fed37fAA5fCD03ab7Bf935b31f69b45249,2
0x2ca39F97705C75769E261dC273DF0918b91e8bC2,2
0x541db313569E208E8c82536C5e31D1f6c0dFe562,2
0x5B2A892A27Bc105b4f891E8679271e5c53132D8D,2
0x5b44f2bBC445Bc38BdCF00565F7099b6a3e290A1,2
0x15768e9C9bDBf7E269174F20920A5Ec3837AD844,2
0xEbD8B7c9c6A5c1d8b9bC7CebB8DC0d7F2693af45,2
0xB2cADb8fc2A15423bEB3cBFc75a7203Ff514c830,2
0x153E35d323261ca47cdCAa3780efBFc62079a463,2
0xfA4fDba7E30aBf856F2D8D944375e63792029dcB,2
0x9eFfA8827F1F20FCaa40DF4eb49baFC9943c4340,2
0x15B9c8B663148ae3a60968cfa0Eed7051F588Fcf,2
0x20E61C6D8a84ACf270879CBb5B2F70B898D6450c,2
0x21aA7128F35A2B81515f14238FDd19Bb5FC39E17,2
0x691BC24b457E81CaF2aC3ec72E782456F3F59c94,2
0xC2e2FE49cB040deb9B37ADbb4aaDf5bb10b16f40,2
0x13c85F9C32fD8266176DF164f7cF5aAb539Dac02,2
0x273aF839755361cec815C46c58f3676BA159D85d,2
0xC2c0786208cab38D571FD73D99bC3B5cAed7567a,2
0x03620893e904E7651BEc87CF378abE6001d2428b,2
0xE1E91E608DbEc63887190F6C793a579A3683000d,2
0x99EeEe7538d8f20Fb723E06F543F2ABb7758DFBe,2
0x0e6a6278cb59315F631F6882Ba278B3D4b922eE2,2
0x95BdB4FBD6E3a5009459168672A5388819DF4722,2
0xc87e492ACa5CE0D687EA05964A60595C7Ba15258,2
0xc123562Df4f4aa94dBE55Affc34BF093Df388756,2
0xc0E9d1fD95B3466559c36c1F40F46864739e8Cda,2
0x851f599689Be57B77D0B8665C540B99510a499Bc,2
0xAdd6cABd179cEC67d80f33a68acDc26A8B237b5E,2
0x7db51EA788d74B25edFdf3cbD2A4Fa53d3413F93,2
0xC8e3bF1D92546A5A7abD9244D4bC4f8D3ccFFc75,2
0x4691FC1C247890fb779c4E600c9A0032813d5B42,2
0x0790db48Cf0617A5d304a88E9C69c5F9eA2CCFd7,2
0xD07a488DaA33D451452F14272D3A344A8cF95BEa,2
0x092Cc3C6b9f112CBD579FC6A8a71907aA2caad35,2
0x5617987909632Cf3f1550765931bB81980e6965e,2
0x821e1E7443a1133983Ab3a1Ccfbe37676ceBa51F,2
0xBE558Be3cfd90ACb408CB952441637a57BF45C4c,2
0xe1D51A033f6EB39E97CEFba9BB10A3D2E0771469,2
0xc9fdfBEA548c3f5a1cCC7B8fE89053B34560bBCa,2
0x8D77E1b5388f7078C4Ce7Bcdf193aD99c3b250F0,2
0x1C32547FEa2e8b85F0d208848aa9acdc8e39f47a,2
0x3df16721cB9739b63f77A333ec201340b9117222,2
0xe1cb524849d1B4898d9bA4490529f9B7782bB09F,2
0x8494837107dE3CEc446fcbFd0Eb6a99148646413,2
0x3612247442F15289C4DB8A8CeFEBB21d1dA280b6,2
0x524a1e94D83926D2e5A2D334E65a1fAb4631019B,2
0xBf80b07A05fAD8a8c70dB308E0D8c26ff0392176,2
0x31FC045255Ff560D2632A792a80714a2425A29da,2
0xe7296E669f8C8a2246035F1dD372796a1103C5cb,2
0xccE29966AD1CE45668E21c80A438DC9AAb9e8757,2
0x0ad17c93B59931C057d7258FBA7fca7A100b0f8b,2
0xa8657e1C7A2486d4ad10fE9FCc3841f0971Bc566,2
0xe92224C366f4Fe77a0a25F2D6318bE195528831F,2
0x378A08cadcD354724352b6EeeA1dC3309251Ca65,2
0x6aF7f45B749Fdfa0Ad5e9B35F5d95aF6DD628BA7,2
0xcC1f939b08769EdE22Cd909b26048d870e47d3D0,2
0xeC4012f19DE7f8C5E845A381680bA1eDA99327D1,2
0x3f8D59E0755152D7354Df1b51199F3E180ceBD03,2
0xcB9d6Bf4a48d393F72836bC8FB4CE529b63F3577,2
0x2F48c2143959CAe9FAe9F7b295E47b3b4c7C6635,2
0x7c7b1b1b9a94f93AC8AF0F8ae1A049eA694b417b,2
0x044f84657ebBdd1370824A2e861d4d757757f661,2
0xe822f7A5683a6Adc7467E7Bc5dc8E4B0f2Ee82D5,2
0x13f580728160F09360E82803D2232a63fB309A6b,2
0x07D090fa0Fabd7B99a4dDbFa6C60eb22dC6665F8,2
0xb800cADc44145bc0735588C6Fd8a9BdcFDef8c19,2
0x36b9aa9936a7Ae6A060d92cb606E1a963524feCD,2
0xA38acEA7D836eb5203Ea3F92bF14f4E1E64E1FC5,2
0x955366Ce86C5c48F44069562a20efA432255e8b8,2
0x1bD07480Df20CB6112f4F85659B46b2890AF134C,2
0xF0820Ca9DdBEb28c198821A0D30bdE4F87c0e098,2
0x8610FaA252dC70ba711BD6F786f73a9663204E2f,2
0x0107241F5c8dF40BB64a556697B2db6863F7FA47,2
0xB5B0C705a15038A5aC09EC6a25090A6a5E67EDB9,2
0xe534534e2f5210FC01bA04baF34e0B0A1Fc6c4Da,2
0x846cc8A1FE33E6395160cB43B0bd8A310b88fd53,2
0x5d0235A7631B2430CDf1d09ECacC68EF9EFff92B,2
0x4116e6ad36395Bc246fbe6F74EdD1Acc6B3682f1,2
0x94c4fE85726073782Dc18728d23F3C9c281941dc,2
0xDd137111CFB1026B8e2d2F6259F107FB1958Ff4F,2
0x8c39e88Ed4605eCB2eD2D203C2A5A5CFC59510d7,2
0x5AD6E1BD2C96D841ED33Cc94f87993da11674C29,2
0x82b8D55CC2535F40bA696Ec0262c2e70d2113FCf,2
0x9a2D38cD53D88021228902038b3060a5f8066464,2
0xb827745AE52Add15AD5117471B991C08D68f3648,2
0xfEe72709cEC13fc2258263cDa59DCc1ddBbfb223,2
0xDD24A704135a03CD11f0a4E3348698840107b876,2
0xBF0c42A65271ca832829BE442a34bA8cfC93758C,2
0x6d86a03bD576507054387126f76eFB7D505F445B,2
0xa89537B551D6bdF363EC695B373749133C7bd8fB,2
0x9B0A167E0408451D33612fc0386c17Bb913C9e6d,2
0x68CF30566F247e6dDAB5Fd94492C7Ac65926E101,2
0x8717c8cBdB2Ce117975EAd57E6f2Ad0a75980416,2
0x4d1fb6e61173FaB2A2e36b310FFDE30c2703F78D,2
0x587447adA87CCc1d2469db0D76E1CF3112B0906B,2
0x17a7F52c7Fb3313F1F5e91279F6387E8609f477D,2
0x299FD916A336bbA3211f5c7Ddc8E9a249A6d092C,2
0xC7c5671c315384857ACaF0E48D96411c580B26D8,2
0xB1A1b15BDEF0006c1d44bf78A082C0FAb881692d,2
0x1112570D62dc9be621f1a0A05515D9f5C4E63eC0,2
0x5ae4123Fae9B22D2f8488B8C88f4FD73142B7c86,2
0xe7e5320C9C34b044C0519894977382B1a2E734Bd,2
0x37C5c2A0fD94F8329d4bf9424d51fA22075f889a,2
0xeBf2D53fEBb17Ec56b7Dae930f1d7bd654acdAcc,2
0x01F98DF6DD4b99956eD56DB0fB3086DF9666F533,2
0x30EA97f404bec4C39493cC710AbB7ee85F57dD94,2
0xB39A892387B8f656DEB717467A55D9Baa721bC21,2
0x957FbfD0743Db1B116F6b1DC15c35B482F731630,2
0x02F202886Ba88d84243F29960A313a9bD67371b1,2
0x48cc40C751446F414DC720661E89429C08014c9C,2
0xEd485C475Cc58ca7D9C57d5A07f0E26f075BAd4B,2
0x3FD29366b75EB307afE4c18D06D17E663b6efFB9,2
0xDec1812403Bd905ea667bA1719Ea0b1F1EEb09a9,2
0xe66a388d70fe2ceF215e3284932BEFf8a7398de3,2
0x4a089F28a038F7A4796590c5555c024AF7969d08,2
0xeCC52A1F90B5C28501E78E6bD30B25f83F70508C,2
0xc545bb2b0459f0BAB083D68916F55979BC12F092,2
0x0Dcc256f2DEc0488B0640e3336ffc774772A7D6B,2
0xf9bBc8DF331E4112E590Ad1f8793719Ea4e88589,2
0x8bC4fFAAaB99139E93910CF9954cd9E6f32a6dc0,2
0x3747040C97e7f3A4d6C36387F9428DFA03564141,2
0x8691a0f6250724DdEe4379384290217D3075aE84,2
0xEBf09090956da912b150bDFd3F2949f039B38450,2
0x67C2f44235286C2Baa893a27B917982C1A1846F7,2
0x937a4aDb1E40491b90fcfD933391dD9825191BA2,2
0x9E654F706f9EE94d199731607B069CDe5b34C20e,2
0xFa54a4B2f90543375708a90835acFC28a8D51956,2
0x985d99246C810d7D4f0bd22e9a2AC2c8A66d4268,2
0xeE4e49fFBCE247980eF51E807C3eC7E155a87d8F,2
0xF159Bf7b2ce73f50CE1A1e742679F6712eE12C00,2
0xeeB357d1733FAD3bde3964b446936DC106551204,2
0x6Dc16022C66b0aa17eaB1C1877bCe2D990343aBa,2
0x177235FeB94539aDde1f719911e86bCC7F9F9f20,2
0xcc0a4014B0A207887E716464F0976826325dee12,2
0x64EAebf9993d1e09A4fF6BB06c09c5511ed22A31,2
0x97567C4EF7C561Fd9b798B3086947CeE67C2Cb58,2
0x376F0B83B5e493e88FB26fE9d068bAA9854BB7B1,2
0xA465eB17CD22E650BBFBDdA493C9B3C5BD422eAF,2
0xB3b00C9D31eD1C1fb3ba27EdA1C367f692a40D4f,2
0x7AF79cE9BbeF1a3E10D0B7B06621691ddC1E22eB,2
0x148E040920983B0041829CCf6D32b211a7f2d936,2
0x0733412A6e429463BefDC14B11ead5721Ba4e013,2
0x91DCC801ADEEF722A21D988B314B031c8d56912f,2
0x72023f52e5aa2935BfdFd515317Bf649E4f6c207,2
0xAf8CA27c27a54a47Fc4e6A9Dc2A156B39E0Cd022,2
0x22DED09f6A9CB5fB93081A545Fa87A1C39D0f31e,2
0x928b962eb7c22Af6ccaeB70c7474c7dbE8FAb661,2
0x0D2A52EC1dCd258E3522148A425A13d8122aEf33,2
0x1B5387B79960F1E07b049267477Ab19244ca889d,2
0x1a5DE52be8836db107871C9D6adcf48362b1FD04,2
0x095052514B94aEC3C2DDBe1e51053a7A48f18305,2
0xE974cc2f22F9F3f4355793A0b15fcdd09b6315a1,2
0xb5E8f5B6EC898b5CB49ff788B643d3ac18b7917E,2
0x23c38544AE5b7cCe6ffb89BEa39c224F12508581,2
0xB391770ca45f835192F722A98a28336B8fc997A8,2
0xf9cDB4cC056b60350ce99D29e23Ef1cB5897aB7e,2
0x6d7B5ba67BaD0C1c61bAAFB97651529CD9607b59,2
0xE137F2B614819CAe2B0c2010dB22080842A52d42,2
0xcc0aCFC81011Ce02E2f0DCB820e1fA137f6dF7De,2
0x5af65c0d373367c442ee73b68218b39CafAcc77E,2
0xa2d611D3021925968055e01165d94666b859dE42,2
0x414Cb017CE6977800f79A56C856265Aee65e9845,2
0x1CC347FEaE30894d2306Aa6BF56B304970aB1B3F,2
0xA630c5eD8782CcdC9C102921646aa77A56186710,2
0xEFD402d299AFDc6f50CC28799C51a6bDbd6eA172,2
0x70582e46E05E0D80D95FB225C4ABD8F71f3D2834,2
0x2bF08494b7e46464266D78692541cC66c25427EC,2
0x575F6664f10e44399CD6b8DAfFA3984596350893,2
0xC1C093dCcE126B3934677F3C840E52919495b576,2
0x8bB17D77cf1464f99C835069e4FB5C57332c7A16,2
0x33c7bCe1596b4e84589A35D89E8695aFDcEdEaae,2
0x6a6e7d96EeEA789e8379B891CbDf0B12cAcd988A,2
0x28Ec2311db375bff1C08d9ca76839742196704Ac,2
0x45512e8B32a8882DB5F0802Bd991D915509f2202,2
0xdEDF6824bA669C657d80A4D7289AcCDFd6259Ad2,2
0xa3d34E5EE2E89C12481051dc8035e19Ad4502Bda,2
0x855DBdF5B5F5062684617dC5934854D51C80B73e,2
0x9691190EE3449321f14b067887706d2835368F15,2
0xDdeE25e1DA1A8e87b9F17bB2AE6C8f748a33636e,2
0x02fC383ab51D29Ad2F8C8Ee0ba8941a6e15fCB79,2
0x30D06Bc1bCC5F65883100F9D97bEE53DF3384333,2
0x994D31d110fC0d6563Fb622e4931Acdc8F714Fef,2
0x21eC9932d053FBAd8333C06590A006C34f6a110b,2
0x2802AFe9bAE970115658c2C8B3337507967AF361,2
0x8ca7852F37e56f1e9654635a53D77588236eb6b6,2
0xB53e60A1e29f869C95B85ed77727E8B38BC4b78E,2
0x5712BF8DC550254D26f812B665A546274f3dcf50,2
0xD2368c9e466F9E0d1438b277754AD29653758484,2
0x88AC95a35b36b4CdB5102a45081E505E06497b7A,2
0xA1743eA8A2aF2F693dB6E50d7b31a6c122E49138,2
0xFB61bB4148afE042089104fB8DfF9accf620773a,2
0x99af1efAcf378e680652e16aEC64cec252e729B1,2
0x98627c6b1Ced8c3597Cefa79756C9AbAD2cbCc90,2
0x66DC7c70f86d5EC478C102BA4Bc0B078937ddC82,2
0x67Df0d6bA7774562aCf4e7e8c08D199F1CC498Cd,2
0x7B6E38C51DD29AC7b7Ab8D9e72787B0c4D17f2c3,2
0x57464481326a12eE17f788440534Db2E9B920770,2
0x6d0538EC4e138a88940d9939890Cbf563BcB88ab,2
0xd5e89eF22F1637fb2fBbC71aDe06b5eb3B9A0dFf,2
0x0AE301F60e4379BA4d6AE068b29F5E6675E2Df0E,2
0x3356430f4025eD4A2d7F569f45bd7b46Bf579266,2
0xdEE55A4d0915FABA65ea498c56E3834904D3e723,2
0x7AE716317E154Ac4180C6a9B060F6ba6Dc7FE2bD,2
0x8eA0533E2d73Cc1fDFf6f08D795f37A6d8d49140,2
0x356c7E0Fc79D40160bd1EfE788a0AD76C64FAC94,2
0x868a9ccacDAc717B1c9FbaDF4C9d32Ea91467AE4,2
0xEBC4a6eFBCAF9757155C8921E5feD1e491eF8e38,2
0x0b294b7794ae477685FdAE1BE46528Bfea6b165E,2
0x00eeD7EA50bF1b6215C727595E20a987D68f30D5,2
0x57DA9d062292f19Dc29e7e39A87b269dE3627edD,2
0x4BF0f939923Fa89e6d077c9d8Ef5d0B909A3ED09,2
0x276952284134E1c361230fa0d33187afa0B56509,2
0x4384C38F553f735E98c7b96B5A79224c5BFCE32D,2
0x39B7556dD9d8D281c72654275aF72379Abb2C0Bf,2
0x6cB84E31543b5EFaD563d34d52d81c67901D7A4c,2
0x9F48F49A63501f07608AB24161f1638D5D75862b,2
0x282Fa38Ce14b461342eb6957cFa9d5b5E3D85388,2
0x8Fb87bfd02305CBe966c20e28847cEd987ce366d,2
0x783108aA5B3348cf752b08be05a1B9759d69017e,2
0x1EFDFCF27024D43DbDC0774644EA3CaAEF98d861,2
0xcad2E574297123f38937e69f9c829804f1f34109,2
0x3d8526fa04E777465029a48c3aC9A21265c16c89,2
0x850e546A3622bDdA9cb7B13875ddb623Dd05dC21,2
0x934143aC77C196606257D7863cB6966aE8369099,2
0xe2260f3e2dae79a0FD3b1f13c53691Bf5309C33e,2
0x9BB45D662A782345081BF88dc48925cFcF6F3E5F,2
0xB713c2F5516aB569257084535d53A6BF89984657,2
0xEdDD61f0ae88407A2e2C1EFBb8E9D25447ef43Ee,2
0x49f3FcFd14Dbc9BBE1eD217Ed497e9439e2370fE,2
0x79FC0E79e85785f80FDd258A4f7b19c2561d8D99,2
0x0daA5a970e0f35A8b946f83ECf0A1D2D9B547899,2
0x5a60cCC73d33e7FB2a0c94373Cd202550A21d397,2
0x0b478E59723f7b5E412511d17eF31E4416785714,2
0x41342c63f89adBdc3BE2B19bf4EFccFbe2B5d3D1,2
0x3637454DE347c2D16a2acB67Bb0277F8E448f2bB,2
0x036b500933E647cDa9662E78eBDe694bc83f9413,2
0x03A5C215A84738B8bFa14705C7F755D7a63a43C6,2
0xaB8A02bB89228b413a89a93F6f5b7A49B5487Ed2,2
0x1Db273c64aBd4bBec038C176A11F9F4719B82dA0,2
0xec5dCBc29e03Cf81262F8aC4422704787D98E0Be,2
0x811228eAEA15185411E88f4C9D98163E9c284A54,2
0xC4d28280975d88E84688Cc4F4973197f838600AB,2
0x33707eF582a1A27399b5B3454A85a6a86B44F4A1,2
0x7786891ba758C6F5d4eF37366A22E675C0bA9Fc6,2
0xb374604FFce1C638E80DBD0c61b8c3cc9e25a34E,2
0x5cfc4620034c3bB3d4ED8797B2413E4e2978e249,2
0xED932f8d0d005c62063C9c46bCF3D327dF52229e,2
0x35f617DdC1383c7071EAc6490F206ddE59f66d6C,2
0xcf9fF3e8bB5A0e52c54c8DC5236b7a2cac4b1C36,2
0xe5264E6930228Eb0991f7807ec5089fb5876C84d,2
0x5a5d7a09400a3C796A24cA15EC2C622236fAB7f8,2
0xCB9C8d33a201AD2f86119d47348900e4BdfA48DC,2
0xCfD2ee6cd7219f82d6b114642B7de3E3322e4657,2
0xe7F0d67F5D9DC7510DB81CfC4feBAF79772F995F,2
0x39De3a24c1F00cd9ab85bfceF4C2E1a71E7384D4,2
0xF4F0F38F3Bf44dC9F07d071a4A439baD1292EE5c,2
0xb3DD0F9A8904ecA0F6f0B7D9190Ce062e967e500,2
0x281327a8e574E81C3aF6C2DfA92667Fe7A91D1d7,2
0x5f42FE4d76e8A53C4f77885d3122502390321ec4,2
0xa15cd8a19823efcDE93bbFE1C4D96456286562F2,2
0x54a73170643B55D89724259D4757c7137a6eef12,2
0xa1f7A152a816dfF50EA9DFb86f3742cF55cE7398,2
0xb13A670Ba2DeE7Ef29BfD356A9135d82Bf89766d,2
0x2a0F6cf5dB64Bf956Fc65D1cC41551609937A5a0,2
0xAA249F69d8cB7816cAf287D9890e419541E72628,2
0xd45a1b48E77fEa2935B9BEE6ab743A7442Fc8a16,2
0xA2B2dD88F734B3d2b3F186CFd0A0EACD89FA1Ff3,2
0x0D42dFbDaDC8168390254c8e1d7841EE1a6537Bf,2
0x2ccaA5713b37FDf50d8cCe43Aa3EF636CcEA4F2A,2
0x4E4632F985E9315B14fc941A41a864FE1E2DD04D,2
0x512F111D938CC62fFA2152c476f9b2f6d4d2C859,2
0x9B726981d5fd9Bc9f3Cd5BBCdB2CdE0bCA1e0Ac2,2
0x0E4b9C739CfEaF1eB795EF73e4132adf061c3cab,2
0xFD61f4369f4007c2F842bA6fD6Af342C7c936EC1,2
0xcA29Dbe914E6CCA03816181041ab71F9E6C53AEe,2
0x12757C585De65d6B554fBDD6cCeC585834c5e360,2
0x11060F13E7b33F962529E21aAf58Cd565Be6cf0C,2
0x873C2C3a23D789184999D3e64f8187344f961c7A,2
0xb85901e7aB5d6F801f8C58e5767B2e5caDeBfc6d,2
0xe5754994Ed65098C2273A31F336FC5B622b906cc,2
0x9391275806c3aAA93198578e7A86CE4B8276b71D,2
0x68DF0AF0333B78e570913BAc2d02000E576C8D55,2
0x0ab77a6aD999DA6E42889Be020ab760d7f44CdEc,2
0xD7934B54812Bc4ed46B76D7C1b559d9815527e1F,2
0x4bE078fFeEDe8Fd2786098049342Ce35487E743d,2
0xb041f01B5331CBbef3aA4B8F2BEF62a2052BAE71,2
0x4c2E3a263CA560d3545ebEF1100914d0A2247B26,2
0x9f929a6FfdD3297b4c6351be0750d294D825cbF0,2
0xC4485de77F1bdD74fA46DE641a3b8ABFB5059438,2
0x25718Ae31629dD76FD514f6A00c6Dee4e19ba28e,2
0x9AE547b9955Cb90d345d95c18571Df72DE73500F,2
0x94a14f8CDF4D44d80d5d7a9eCf7f5F207957e935,2
0x1B41C4374ae2F6D2068B33a7374924B840549AE0,2
0xAC14a0E438884F9F4F4441C9B6529facE3593bE1,2
0x903d99ab725bd6fe7AaEEe5d1C1Bd0875AA60dF9,2
0x6DaCf841CB478c2e08aD779B0181e936f5043201,2
0x447a2D2817142029662b482dE21f02690fbe2BBF,2
0x875B81A30d7Cb6866b51416A410C919CA8DE843D,2
0x50aFE23797d3C7F0b7d92f24C2f0A7a2e747b1F8,2
0x51f287A67a66F5DAa47A32C5CD0f0E4463A07251,2
0x1285Ac297097ff678556667B6eC41Cf2AEBb5A6E,2
0x90717F5Dd0A3540DbE4cF4DA8dd7573AF56E31Ca,2
0xc76377882555b8FE9D262572A8751E9D82165E5F,2
0xCd85c4a38304286a9d4e7f60EE1cEC22e6404f45,2
0x881c9a3D153aC80c665385406eE9722458EEf84d,2
0x72D7955b662dF4a44f09f8224CF55B1CB1D5DF5D,2
0x7A50bBf3bAb98806D00f342A12e167e2bC5E5bDe,2
0xEb7B37945C1048A2110371c807c1be137a0D65AA,2
0x5a20cD539093F30C7a983a25B8E9912CA3935929,2
0x5cd535bD46Bea31CB80B40a4fcd8f3ea59A67463,2
0x8331bDf827595b6D09d0c7D128b4c994fE281b2e,2
0x6Ba7703ef014e2bc4B7eC75F493557b586711522,2
0x50D24fef41Ef4ADBdDC030FE126Cb37c737B82c1,2
0x0D853a82EA38e07cbABD1Da5d4D0bEe858F8DD1D,2
0xB65E7eDAda84eC6Bf0f905A305741217D8E661E0,2
0xd65dbfA81345B83C3D14f4561DAF91459ED59656,2
0x135D245680C187EdA6B2168527F679fdb1b9CfCB,2
0x367936b2F5E8Ec0dDB665E81Ba76867BB6715A76,2
0x5457C53F836232C68389c6978A9CAF2e3154E9fC,2
0xBA3797BF69Fb158Af7a4AB8c30d7d6B908B3F847,2
0xc078e66C813423dBF713A4CA66f42Dc595ee4cb6,2
0x2ccfBf991db7822db420BD0ea8Dc10411612e433,2
0xb4a4305A54CC3e37a196Ba5f913d155B3F85073D,2
0xc1Fb9EAE996a8FF1A0c4C756e6df6d03De8A968c,2
0x7C9659f2EBbb1A084D7252d77D3B5a32043c29E1,2
0xFb03b8C07aD9720B2EB6fc859668eEA5D519313F,2
0xA610dA2a225Cf865A786BDDd07f7EAe5890B07fd,2
0xd44109F311aF33E96A5C7e5364E4eF35cA242A6c,2
0xC672bEA3bCC5c40048db9440Ade82dB6AD37b1cB,2
0x599dEa125b85713df6CCa3A9542FEC5291DfAc22,2
0x52288C42cddE0Ca5072a4995D95D01cb43Aeb69d,2
0x7da3B05Ab671bA0DBd3f0233C10fA0D47844b65B,2
0x57146FcAb776F7Adfb58F1C40931DE304017758B,2
0x562995522F346EC238F6Fd83262d1aB5D59919Fd,2
0x244dE07f1500B13113a37B22E9A1Eb1144f08Ce7,2
0x30ea0126af958067af4fC585805CfDafF61372DF,2
0x0039ff89759B00Db73a69A41Fe6D33bAd0582DC6,2
0xAbf1578786C17308f7639Ac632470CDB88C8bD4A,2
0x4993567d8eE5509A50d5Ce5C3F15eEC1FE2411D1,2
0x1719F841BDee90755AD03124B259B33bD4A71810,2
0x8579F887156c37423FFa4532304894d7D826e028,2
0x274724d72cFd379B3D79C0BA78066AB6eA432f1c,2
0xB456CD4421CF182e53c7701b0C6a934A34b5a77c,2
0x867B2068041B955764AF514E3Fb5F3821dC406c4,2
0x8E2048340cb9da70F15d998B1991C236368AD5f0,2
0x152360Dc30ce2Ab8752e7bd692C200b17287EF42,2
0xE2838efF1142263550f6CB9CF832C0AB246a798B,2
0xD9B99380e387342801FC495f8c429acfA8bfC8e2,2
0x021b26C5B0ec40cAA1E30088d1F3A266CC3aCbD7,2
0xced70D29C9E8A898BD72C1cC0f119BdE6c86D2aE,2
0xB40A4CeD74a7C191BE0578e6Ce6F3104F33F5B4e,2
0xD291E230CD889571AC3f0357E373bcAac85A6654,2
0x608930fbE583A4a8BC4349Efa04cBc7Aa1268C06,2
0xc0CD3b322cBDCF862a1C2475722d40FF88C79001,2
0xF464b3C79e0871047dC6745A0B72dB76a9198ef1,2
0xE3A47416FB0E182E214A93a691EB7d7f0f89CF70,2
0x521DF07A3709a16E324407Bf11c4A2b0C124581d,2
0x25465e4377Ff61389c70A65917b04BF85FB2E8a5,2
0x9e846532639D7F452AEdefF847113Abcfe9a9A2D,2
0xa189a66014AeC555AF21991D81f085E5fFae2505,2
0xB066B4Adb705F2C015FAD1cE6C8d1b725d319559,2
0x36F5E93C1bA1477984C706DE34c601Fa90c3Adc6,2
0x5F40dE47D064470EA2BDcB4FE220784B62bb44C6,2
0xBe26aAAEbD172c88b24732aB6408AC9c5043f6EC,2
0xb9323B46e2230d5f04270C07a7E153cD122f4816,2
0x45D561EaeD6037CC4f18F4607e8dDaD5480F1103,2
0xB6800215a771F448FAD16a55198E20CfFE6e5B4F,2
0xD868E00375591f7B8Abc2821dAe617F767614FaF,2
0x2c4dbB5663AE180C62b371f493F5AFB186344893,2
0x79A4e83312C62Ae08BB6210B810B83791A4ADF83,2
0xA500122D8c9e89CbccF1287Cc054E85d13094796,2
0xDfFE4C7199b2E00e7339ED90d8b07bfefD1B605F,2
0x0018bF2D1E276a024147C0929DcD44713422edAf,2
0x780BCFD6E6532a7Caa5d5B8253900762b6869fB8,2
0x0adfB5584AC2d78aa22584452788A35BB18bedCd,2
0xC6d5f22b6F1c096c0a47A76397A59dF1A93d33d6,2
0x58f79517db2e69D5Ea1dACF53e12f392B19fe555,2
0x38cB52c1E9F91fe19698C141346A2af1E2CDbcd7,2
0x595Dcf00C6E2E0B01f776aeb216Efdf042D76259,2
0x3f5abea093a9211814C49D89009faeaF828F0A97,2
0x323B8Ab8e032437D6F652C08C081E390F18D9674,2
0xe63DA40333C22bf1094F289eF78Bb8181c578FFB,2
0xd240033224E09246b4C6bd02e496bd7Af14A7Bb1,2
0xF4F8C7DaFd5C217F7347E8315BBebE60e590c91B,2
0x7bA512029FBF78dCbdb275A36Fe5E2afDfF5904F,2
0xD016e11b8b4a4fD321B8d7bD8c408E1BF971b245,2
0xDCE8d95FFdd06981f4c057d3eBD9D0f6497540Ff,2
0x4e3BfE43EE5981Eb80A7ed335D7a00C20bc1a87a,2
0xB03e879E19d2b49A54FaA5403168aD14ae8A9037,2
0xf47961d7Cb0ac0be2b14b6d6651A44fc2143975C,2
0xFAA88F8c489285e19413a736fF370F85D756f88d,2
0x760abe544904a01328B79EEbe776Ab20d4c68c1C,2
0xEfACcA03b510983E29c23ae2b9b1dFF5Ff1FED74,2
0xB3Fb0C162AAC0820Fa78BbB68587477A8F19eCEe,2
0x241e5896d184508e335C0af139f8B236C1B1041C,2
0xEB5c57fd5b10ef24CB32cF5aB2a74D3994c16d37,2
0xac3adaB3a9875Ccb196e245bD07DE0894b4A7926,2
0xfA8b742a7e83dfddc4363C3b3873D51ABBa09b9B,2
0x64F23240C8B564ee725D1c21646ca31B26367E21,2
0x5394dDCb0104A2Ed2bA459eA3E34f57F0BA0C5a9,2
0xF8BB10FfD855ff802cF91f67CFb1815b35070DdE,2
0x8776Fd4a51bA63ae74Ad9CedBB95cDB30d696c25,2
0xAe2F7CCA7803ECFBCbB7985efAF713af9167AA4E,2
0x3039260e4B04a0005Bf81Aa40b60776F6eA8d6de,2
0x24B34E626FfeC5890fB279Dfb5009a84cC8531C1,2
0xaee99c4912cAcD8FfE3A009D5B239f15D2820d73,2
0x7732eFC3981af77b58582fB01978CCdE3092F7d0,2
0xD0e480cCA73b088Bc6793Bc33A72C720423a9D7e,2
0x68A1Ef542D8F102c160264190ea1b71e802a73eb,2
0xBE001f2eB974Be67aFDaff55F0b75524B47E5400,2
0xCA0860681a5EFC2938B73250293b4D6069161e75,2
0xea39Ecd280A1492b188A2317025C6fA27bA0e73D,2
0x9cccBdb65Df19E02189BA8250295099135fb7094,2
0x765e023a1D372AF90378abA4CB9FEE9e45b8a4B4,2
0xA53507294F232C3550a7bcE6D2756C0a9Faa808e,2
0x8A2F5241361f6dfa60fCb2db3BB1CdB905F9c280,2
0xF89bFD755c0f7EDf7Ae3D9d74086a69256c9Db5a,2
0xeC91A75175C9Ac561040600e1EeFC98068922e3a,2
0xF2da9827847C1cE9B33c120935E19a82c70B6841,2
0x595B568792433e4BF8e09109042c7250E3C6c17d,2
0x9a03f2db10d3e2c57703dfd33bD739A88833c88A,2
0x19F9Ecc63a9E3FeEfA7ebfA9f318e5A49523d2dD,2
0x2C62DfFf87f202403F0E992b9DC013d35822ed30,2
0xF6928d33C8a5fD16989199F1bE55a981931916fd,2
0x84f7BDb39926df5A27F1D0eF35a8F11683b41E02,2
0x0eB3dDBA95175C777CE2383026Dd4DDe13dFA7CA,2
0x9bCa111FD50b541b14F9731144369c4A1d2A70f1,2
0x265d58d160b70726eefa1B418520AE77a70A74eC,2
0x817B06538894A8B0acc260058E3E0B8f4222Aa3c,2
0x1D542Cbc4A1B64461299a45cB056eD908a2fa47b,2
0x2F41C195A0c922e770120498C6F0B1Ab30158dfb,2
0x06F890ceB7e2e838Ea92E8eaf604008C4759c722,2
0x91F333Fc25D739CA634985D5E7E67ddb423ace87,2
0x84B41a98fb381C5E924E7ad73D1A9710d9a49B5E,2
0x2714D3332d7Fd80E08c98C3D8D75f874D46a699f,2
0x5DB15B25F6988bd73723A1617D75D0bcA3c09fb9,2
0x881c0A53eE65FC54c22803b5A8a857DdA85d2b21,2
0x694797Bd8b547eC4639Feb0aEf347c1590E20470,2
0xeEdCDAb41DD2628d01DcbfA3E0168a83cAeb6552,2
0xCeA20f5A397cDd9D4cb75aC759430F4A75d5812B,2
0xEa5485913A3D280Fa168e681bc84E2dfd1ef1f1d,2
0x67FfafE06551FE369B3cb390B885d8C180F7519e,2
0x22079edB3B221708aDA99bc6195B239f8870a1A7,2
0xCF430Aa8BaD9DcAeC9b6f382D2eD9CA89e8eFC11,2
0xE1E80CC4E8509977D057d4cD328E479257381523,2
0xfbE7989E4Ae7F789Bb4016C7412e914a2E98c6CB,2
0x0bF3F44FB758bf6de4bB166fbDbd9f74ac9f749D,2
0x627C3De7c469895D1ed060ebB29D069Fd2706a12,2
0x3219AA4BD8Fc7386C0114b7b604af93fB0A5Cd04,2
0x3ef161E54794c8D10c1dE80d8751A1ddb3374307,2
0xFE10dF25085F8168641ab47B2BA537c85352a71C,2
0xEEe84f12c38f068012d17D65862D3EEfC909be40,2
0x5355AF7C5FA1529B7975f9541C90503A048733F2,2
0x7dBC1f5fF3Ee1d8C68C3F0FE545797F18e930602,2
0xF6b9EeAfBfE2870Fb69D48d5bDC7d9de42229D6d,2
0x7fb0718EB0BEadd87e288Ff26Eb0b74E7f02657E,2
0xa69633073590ECBB622f7bA26AA8d19B3f270DEc,2
0xB1Fb76735d35ecD6A3bc7ea7bDBE71178BEC6A59,2
0x329567FcAE19F88F9c1eB5De82B7Ea124AF232F0,2
0x40e301a9D34F007070D64d370376fb8d10C1fdaf,2
0x8d18ddFB140C7f7D7ED5Bf91BDD6DD928690cdC1,2
0x6AA460054669edc6f3Ab84CF99a078C0A1BBb965,2
0x24433f0f8CBF584A08Ffb8CFAf1e6905BDAbC1ec,2
0x9eA96774550E7D3c2cB8b678A7CE94FD852a0884,2
0xF33Ab8F22f8B83cEAAC9f7a9D2b1BB2674b66F5a,2
0xbcCD88007e34601830d2c7Ae0ff9dfbfeF061fbf,2
0xf6AA6414083C96A17eBaB6956EDba6E755A92A97,2
0xB06aF4C95899D5d1c71aB5A857064992218f5568,2
0x6C945BEFc1507d4e8C0eb2c29D1bE7034a4a4695,2
0x928b3C785FaA20a6A1526B4a320c9767904f0351,2
0x10DFb0BB80c69b76D9Ca0054d87ddd409066448F,2
0x85D149EF270E48e3F07A4bb4D52e9a59F3254eAf,2
0xeEA0715797Dcb8A53530A1a355dbFf21c2C4E255,2
0x4BeD84Efb6F3FB1eD095C1020ad91caEA62dE961,2
0x47215Ee0E7ea308F9f201d97c0C33Cd418953d34,2
0x9eBfad9b5437aaBEa8A8cEA9103ae95E9ceC7873,2
0x9A4cc4C203fb5884C0a97F4C08Ef75CE548033B3,2
0x6eD8Fef3210b35dd24C8ED7fac081F4C7BD542D4,2
0xC6d911dCf9b84d5Da87B7360b090D6938f7972aa,2
0x63C6403038a728ee813E0cD94d9218A4CBD86d71,2
0x4885609e9fe953A105a3Ca383b0F5A57F11B3051,2
0xc34ccAa671885e2D38f8AC66805cc8e1d16842f9,2
0xe5aa36AefAD3169c64F71453030bCcd05624D100,2
0x50DD9f7133283F7934deF171c5A33747CCAa2788,2
0x6414c94aC2bbc8328CDcB916E3F847f0380caA48,2
0xE65826FbfA89D091Bde21F4412A408F02C9558FF,2
0x4435F5B90bFC50cACa0859c6cE37bCBdAd73b710,2
0x3c7A2A7310a37829E5379613161205c33B4d8A85,2
0x8AA25f29966042D139B168Eb88F23098e3baB6e3,2
0xE7BEBE92ff85a1aE6F8bf857D4514248674d807c,2
0xB1FDaa62216AD40DC846A8630c711f60A2D74c6F,2
0xF03b53BDE49Db197dc46d2056f129bd6EF954C1E,2
0x2C668afA3B042F2008d81bf1650096221A73e6f3,2
0x0f910ddB1C9E81e08f03DBB632dD0E1a1d3b1aEd,2
0xeCEd079993B4ce856F98696e0800207daBBb1DF7,2
0x1E4E0B8412E393e28e9A0f2D6A26cCdF50A1480C,2
0xd156fd02A8019f800b02674d9E1C32286755A85E,2
0x275d066Da75a25572897abe567f660a26E97E963,2
0x0BbCaCA2A2b8F502a7CE35E875F6025478312754,2
0x873d43203E392Ce66cf19c92B5bFE570ca6417c0,2
0x6f5f661BEd83a46e6f9d617BEB603D26b5562B67,2
0x8628c1dA64D23E18b18D665B4EC44251B90Bb8E8,2
0x18D1D81479CDfA8cDd62c3938E687f545090003C,2
0xF0A20Ba658C415eb686c3b7755d2383060f4EA88,2
0x38852A0CCb17A1B45513F8824F593eEF223B2f63,2
0x4e9357F12ef13825Bc91D2E303ee004aE673504a,2
0xe68DFecb3a85DDE8c36570019fa0E8FD7Ce121B3,2
0xEfC8b9ea15e88809F9e828Efe36EFC2F7D37B538,2
0x7476963C13469529BEdFb4E626dDe356C23cA93f,2
0x2430c74A3Bf006C5cbb448a29410C0fD4aEAaaF1,2
0x06466b45b0a00901C1baE5946E84117f5085955D,2
0x31ad088BAe6E7a7f8F0ADbD0F820B6E334963beC,2
0x66460CD447Bc1C346Ed831289595a47bc51A9e7F,2
0x332c0B7A262792D31E2a010B2f3D52b7271f5BF2,2
0x8659b850b02453e6551299C794925Be8c5DdB8bc,2
0x87c5Df01799dB1992879e6B14e47ddF3a86f9fc2,2
0xf3f5Ba6Cf5A22d2D8f62df68dD49F17F20009F02,2
0xc614Eb317D6eD8A1EAe9BeB0f85Ae1f96B53D586,2
0xE2C6d74A39466dcD3168eDfcC126f1B5a12412D8,2
0xA52B8AC79771F02dcC50C38d2c7B8040110CCdf6,2
0x1b029b3C96a8fcd2e334Cbc22Df25aa9c82BF454,2
0x2BdA6608a9eD776A00F15dD5CA34Af744611C12F,2
0xbB13C024A953dd67a7C5Ca9922Fd174aBDCc7Eb5,2
0x22ec4Ac17bF05AFE3D07Ec31994475C95833d382,2
0x5D340489F7486C22d07B44b2989691110119eF5F,2
0x0C801BF98A50a7a58C04Caf7175744f6F07785e5,2
0xed98B7BBF0c8E41df09998384b511535F4F78343,2
0x5CBB5D2336d280859e5c4BC6783360107E0c41a3,2
0x2D5A60c8F5d8c4e8fD8F8A89202F40BCBA8A55CB,2
0xe037C1F0230B125eA71476BCd3eE3da2e514e78C,2
0xc6f092781Baecec95fb1B78DA63508A0a6DBA6A2,2
0x3E8782dcb3C697940462fc7907A87724690Cc138,2
0xaF824C345F11aDc4C6373416A6CEA33826bE1A8f,2
0xE7faF2234fF658D4Dba1bD7ee91bfbb11c3209a6,2
0x4128f05cAc13980A17843F92232c921b6c16195B,2
0xc8A26750FEd7f7D818cF5415856f732a538C1b0E,2
0xE844D2f524caEEE9d271CbC75d133561422724D7,2
0x789ACFEebdD186bFe0e91246590E523a7E353646,2
0x55de3303CCc08f3819f7f88B0B022ffF0a521BcB,2
0x0D8660AA4f4d6D6f64D4972930Aa5dd01ADeeB32,2
0xA94B562a55F1D86930B2794eD80E270acC8cB627,2
0x8f6b723aC73E4A1df59eCD4bFaf3E2DF01840381,2
0xe9bB72B7C274A37cD36f47D6be3645Ff12C30927,2
0xD36c49717A96B2B3B4BEA3e2643300fe385F8a67,2
0xB36B2361695ae6051010429040bb818ea70a4774,2
0xe53148674008c645673Ad4BccCe54E94d575005A,2
0x60080A8ebF55131CbA66d0224Ad6485A1B564FB8,2
0x887a253Ea7b4e9F79F2c450F790001aa1cD205A0,2
0x7547148a802C672c1b2696Eb3C1840c379A32b2E,2
0xECC60433d7CAC6F98A4B93007998480F275611CE,2
0xBb430d5839bB6DCC691FD756A49a74b839BB2212,2
0xc1078df05Cb890c72dE4EFEb76848acB61D48b0B,2
0xDB308BAfA2D3a4c8A5248bd047b0b1a3e6739BDb,2
0xa5A505E2d1931EaEaa77D9b25A2D24374f38da4c,2
0x149c3bEdC3AD044A753170248FF454510362d6a0,2
0x367C9B228602360b5Ad5BE5A823c078A5562DC60,2
0x93Bc4cc90F01f4859aAE591e7AbFCfaB00c131d9,2
0x5b61ac0177808CC97cD0AA11a2380F0e9861A3EC,2
0xD69f715180c49d559293F71F6b22B84A3aE46e48,2
0x675A441b6Cf5b53fC41C8d9CF5c8191035d8b30f,2
0x8D81d3C81C5953cD95CB8602FC5e9867060b647D,2
0x1cB660821b67D72CD358E4fDd2184b635D3884B3,2
0x371FCf10a9CE5a9D10647BF9989D93fE77C975A6,2
0xcC80B39f2E579AC6daF16fFdB2584cf8e3175c27,2
0x4E89810126746C01273fca73BEE6C20D39762A58,2
0xCBDCCa589f1bA09BB9E7B5245B8f38d98dB0451f,2
0x7b46c20cE447047f2A253290f554313738760Eb0,2
0x669953d6DB64D40fb24d114b07647b7A67Aa4173,2
0xDc7E0aa51aE9ba832d10768E546BFBB01ba1B05B,2
0x1562E2b6baa010c29324016c499B9300D248Cc33,2
0x25c0F7f906301D4CbA82f52dC36Ee1Fae1A72E27,2
0x492F8b8586f6d3cB2474C68aF709a008eA1e618f,2
0xE73434Df015b84FD8A2cebfb1A213a71280625D8,2
0x86248c1b5a1266FCBCBe536a2fe0548D367D110e,2
0x650d69A80B2cF357E88C7fA89aC089B1BA620ae8,2
0x85ee2CBb59c8523b38E52934a02CE71d8e4ae6Fd,2
0x1eB659D60bFdF6c2539CF70B5B92199675eA5dd8,2
0xba0CDD46ba116103Cd351823423954621731d38b,2
0x3f148Ba696DFab53Abf93C0F3c6670420B80d933,2
0x72758ede6DFE129690d00a8390309C64324Ea428,2
0xb01e77DCDB7148A0fb7fb70e87F8a14bbB432f21,2
0x871cA382180F5c094F64bc8fA3856e863BBB3f05,2
0x5606f87D6EC776ffD9D301958DFD75206f11fF54,2
0xD16fFB65BD6A231863Ec6264AD81FaB31880053F,2
0xA160dd04B3aA36799946A58d91adBc53984A8Ee1,2
0x913702c7Eb8a3EB5A5E9D7e35dE2f47d4f9216e1,2
0x47C0fdE2DC4ba7Be8b0B4c93C55cb221AD46ec68,2
0x3dd905b4f6FDA6cEA7dDe8658F52882e5c1e5058,2
0x249fA1867d2838CA6DdF4A6C809315EfD25B65BC,2
0x38D6f7c194195EE182aebEdA3d793cCD2bd51C43,2
0x83e3fd6866126324f4970Ee4Ec230052a68467b9,2
0xcc9A501F3e7f0BcAd0BB18e1a6948758C47dF95a,2
0x2609Bb8537FADA89341a9c6670EA6A207bF62347,2
0xbd7B6a53fbb9E1AD16640ed25DB4A8fEcc2adAEB,2
0xdD4c065Ab6367d2e374918DE89232D4A119BaB61,2
0xE789caC23C7dE4d3D3Ef3f6354a1721DcC443356,2
0x8002bA8283d599eF15236CefF547dDB859340CeD,2
0x86F1874671B75BCcAE8228416C4a0fE75ED01858,2
0x5d2521a12EdB1dbDf73DEE01f23239Ec5C586999,2
0x0bfd26e2319C67062002207b3F15337e7061Fd0D,2
0x34a6DEaE6bD9D7dbc6b8c06754e665d465579824,2
0xb5eD263F44f2CBe1A3e5289B9E088c93E93f2BBF,2
0x2Fa1B37A3D34023e505D30150b057695670DE9b8,2
0x0d3F72795B084B50d6A9aC07F98817111790CBD6,2
0x65691693463672C21A0b3af393AAE71fD9971c45,2
0x8884153f577BA19B5dB4b18841Ef44497a8cfD2d,2
0xEbe69692251f9fbf2294E2d23b9bBA6Dd5Acd20f,2
0xbBE270Cd4f200015942e736DbaCfDa492f82BFdA,2
0xEc6C526739da2bB37cC1112f2867B235FEbD68AA,2
0x1fF8856a18AA843702491e4E46d9291bac76E8Af,2
0x5aB1c91fE901be6Ab100633b6D905164FF64039d,2
0x38fe2cA77eA3F2f9B6CDFE9769BD2cdE8F669557,2
0x74d2E5C8EF44Ff8159b3C0BA2a331Cf19b697C85,2
0x1433d242e2752D731490208F7293D7937De75e08,2
0xCE3d7eFfcAA3b0Bf01E01b5db0e6CE28658cF9Df,2
0xbfE7653bcf409Da024468e797bcb0d1387132B22,2
0x089bf15a556F709524bBBA9d10d87092D48479C7,2
0x6c73f2Ef19674b2Dd7753e369FCf185561B18dB2,2
0x54dd754e3D343895a0Cb73b0b31E950Aa72e244b,2
0x8FF5B82B2E7e414Ebac9338fdaB53595097f77d2,2
0xf8180db1F22957EA27D374920D9600C1139Cb24D,2
0xfF81B8300EF1fbaC3EaD79D17444aC5DC8BF809B,2
0xE2C9B2508CEf603E0CE07F540808E7BED38955A3,2
0xf51D58DFA146F1F3090D41200ce2C3a721780017,2
0xAD4B0242FDe3562A3ACAFc222d0f36aa23Ed9E44,2
0x7EF25F00142302cB0789E74a9d65c1d048ac3b52,2
0xb0Be94370eCa0a168B7C7694462Efe5Ae54f06Bb,2
0xEd6A60d9504f2214fd1c3F346cC08E3F8B5866BE,2
0x10975bf6D7a7560bDF858c860b79257e520C361a,2
0xF0143D53A64D6d682bcA9bD7e4c5b6981b0cAE11,2
0x598aB7DB1b4374A0FeBb8759Da98FA381091646B,2
0xa6c1B89a3aA9D5B8960aE19E0b514e1DE6cB5eB4,2
0x0d66fdb1673D11517D051c7ACc0c201c30d01e6E,2
0x26eaA3c323d405750043C4c0dA12A71038b9e0A8,2
0xED45076a6247d8FC0F07008B1B3986d359ECA4C7,2
0x372b78218495D74EFc3D691586E47CBA8866d482,2
0xC6C72a04938c4660673B18dD1a1f6534b9eaa550,2
0xC2516CE95807B42085Cd3f2b761eCD69C18d1f89,2
0x7FEBA2f08B30b8f85f8772d461872107E5D71140,2
0x953ab405e60801901eB37940698A22387Fe04d36,2
0xdcB701BF372A0516F1933d11Ad6a301E7Bc31737,2
0x4d9D0109230F541C31aB7448370bd47F01A3B351,2
0xf0066d4185e89ac71A63e6da6381A17bB8cFaB14,2
0x84fEFFea25fE6d05e0E5B42d3E428FE269308fCb,2
0xe99fdfb9aAA0A082672cbCd06CaB5ae24A1b15Ba,2
0x73d1B80978bD19E55f7182C666A303BC5B43dfEb,2
0x3f044e9b3A78aBdF797f17Fd4FEFcf43d3c49cc9,2
0x2AD38D20Ec8638088f29D2753dc093496986aeCC,2
0x54d1708661F60EcCdcC716004B6d92bB9eB2FA77,2
0x7b2c17E188bB8Cde9357b101411cd12b967F6a75,2
0xce4c3e25c551aa6B393e2DEd3fC948bBdB43972B,2
0x78492091cbc0C43D97d34C2e7B63eF907454A279,2
0x7937E2AD1615B4e0C0Ff9daFfd2B07a037261Ee8,2
0xf2D1c31361C00628A58E732ac653C5f21944D42b,2
0xA13458E56C3d3ba997edF962aa081f5A379707F1,2
0xF6E69106203F1555af52E347a5aDDD4cBD179C45,2
0x3E5776922F8CF125ac6721f8CfF75e5AA3b29d9f,2
0xD1a36eE7ed0e84Ee1DE00B901666201C9037b26A,2
0x6c3556f76Aea0686Bd47882DAFF0E0ec8c0A27F1,2
0x5D8381a00Df8FaC3BDB8bE7bd124d2FA5599bAD5,2
0x20f6624b63677627cEbE80d01f14cd1f9DDed5D8,2
0x1ff36729b2448691575A151Ef9B37575BCdB1F82,2
0x79B05EDB3e79Fd66Eb607F42d58DD074d10C0F96,2
0xB46E991972b6490A9cfD96743Ab23d674540eBe9,2
0x859f3D654b1110d958091aaFdDd6625FD77eda84,2
0x9C459Fe9bB462998F15266ccdb286616Dd02cA74,2
0x943307B9BFA07E7fCA358a08Fd94dE514c547e0f,2
0x4cc0616357712a6bE0E4EBF0B5b49834c0Ff30ae,2
0x664717701076dc00EFbe85B0CA799fadc5cB63C3,2
0xC5cE0d55D899E604E121d6Ba0A5750896b97A4e6,2
0x1Ca02AA2ccE1263D4043394884171Cb61D2F0C0B,2
0x0338E2b4d0ca88b51f21d7f889023b82D8a5137B,2
0x5d5a4E31FB07C56bcBd87627cfbbe82b1a4a9bfB,2
0xbb108bAA5480e8d6b34Fb9047972a1365bf80452,2
0x45eB966729302b9DB24d543d37AB9431691D3d6C,2
0x22EF62D4d930FaF7C335349b58D0115fE2643D8c,2
0xCB1FE99cf5c1e51bd00F5326c680C4eD13aDD9F2,2
0x4B8aAF0Bf951F861266B085470657098eAcfc633,2
0xd3CbcD2b7Cc8AdF327caC54A8D9391571834a1EE,2
0x79AF8f34f28f8CBAE98D81Ae95C30495ABeC4D9A,2
0x8Ca03431A88f9ccCFCCe6f543F39eA797ad2DFE3,2
0xBc58889a05244Db43e311B2251f08882A5f5BDAC,2
0x35d4FF80a4F3992a637B42d1bDC083A1804137f9,2
0x43613bfAA48eEaF35Aef47C6C7a85b9710cd5Bd1,2
0xC07C2AaA127d4C3bf761fe4EF7e2e68dB70415f4,2
0xEbE7ef6B95771A6f63bDdf37483C58b804573Ff0,2
0x74EA4b207Dada4add0E35D13BD620ef76c4A0923,2
0xa815e794758978E63af57f92cF92fa872E868771,2
0x6f6E1286c6ACA45F11118ecc07E5bc2a222C7B19,2
0x0e338B2BD371802bff8c7cb7AC577F4c4a2F6321,2
0xee4D766b361c213DF4240172ca307DadD23C378C,2
0x14BA7fC102B149606E5d321B1746C92b1D62299b,2
0xe546946ce7EDb916E7291Ce4CE2A06c1f527169E,2
0x9930356F1a98B7B80bB0C72d133864558c4Db01d,2
0x8263C814A6588577c1ec0858dD55647c90291a6A,2
0x51342E8DbbE7b12ea50d9F9cE686Fa9b24D93c61,2
0x2A77cb0a3BED0749C2A97600a109E7601D60DB7a,2
0x26B5deF4Fbd7f7cb8584b2Df59dbB91aF6508a09,2
0xaC092f6Bd3236eF9C72169DE6d6C8611805c5754,2
0x969CD42D7444EF3f139ef29a8b65361C297909e5,2
0x68A0ad3BeaE9f3622418fEd575D50197Bb5FE02f,2
0xA6caAe4ba36B7adf23A008C7f7F5fBBE5034f1EF,2
0x871bf9CD784EC95201eDB12d6EC39Ecdeeb6e149,2
0x336B8b808f8f6e62861e142d5F82A3FF4D114037,2
0xd1D3B5453A1Ad4365e4d7f7902441f59B775d2Fa,2
0xb7209477743dcE0eE5Bbe304552EAEa41F429983,2
0x4CA3856879b112Abf97353ccc5FC4580768AaDF7,2
0x7cE839Ae800088d694F6e13198DB4dd37f933A27,2
0x106dae70A94a652E4fe8AE37DC12d00f387aa0bb,2
0x750863A8232f70F4C3775E44306E6ab9882f527b,2
0x8a4Ae33304e4E825ba11FC97D0a7ce588b2c6a80,2
0x9c50f890d8603Ea4d54639c7639a2C54feEE430c,2
0xAeCAedbB680412317797eFfEe06E68282E2E90aF,2
0x0B5BE37956B2f7ECaFa91a5ef107B6aFE0b6487c,2
0x506dA7158f7a33b34DB70bdA8b6990cff4B40115,2
0xECB0D771b2279db87E547DD472F815c55Cb0feB6,2
0x29b4eB3Bf6Ae677Cbc763207C5D86F6Cf144439e,2
0x7A36c768A2ed2Ccbf55B36A323f7848A777472DC,2
0xDc1eBF1652C7db1752160bd2a3De0DF3e53c39A9,2
0xC4D546b46885292D681Fb4402b90f6a01449CB29,2
0x1D30A7B487E297047f73A7499AF0C3dF52e87F3B,2
0x8fe76Bc9010dF35926b845776742000A04A18857,2
0xa8ddD1655d90B7b964bF03f36049c59c83a69296,2
0x3697fEB574d4792a076D8A64E794E48e90b2C6e1,2
0xfCD271630acb2228f0DBA9Dc1a6Ae3BEAC80Fc71,2
0x257a3F03BADdc61e82C52452b850F6bc5571AfDA,2
0xE0899Ab48fC9E6994A937B5c0A61ded09DC5c004,2
0xb15540110103Fe634C9A756AeB35601E76eA8189,2
0x1E1C0cdBD90B6C1b6082c4EBD8b690d4d6f52135,2
0x5Cd12D2B170313eac8FB0550c0a5a2bEe27a4780,2
0x28d0e5e68Cc08FE65EBA9f7b81628f751B898A4c,2
0x41bdb187173E5dC04FeE34Ac795Ed6aFA7c5B32f,2
0x4e34bfDE16352f0DAad9B4598aC2C74D07386a29,2
0xde943EF97F30d33a35E03bDF968b489b76E72eb0,2
0xe5fF8E36CE32AAa68B15C4089Ba55Bd05d1C2801,2
0x7eF686CA10a00fE2Fb9e75dC093602D29E983909,2
0xdee39e05D5B9e7E125A95F18b4AA7F5ce707bcf3,2
0xf68A7993EFF9ee58aa4C0b3B90a3fB1072e1C023,2
0x5918C58eda3FB4BE1e81361360246b5845481af8,2
0x55Dde77a5c58095ec7bC9d67d744d233e742a55b,2
0x8196E45ec1817f96F6D0b6c79a8e16B44AB41475,2
0xf37F01D74b9C521B1489adE455aBc403E5215b65,2
0x7676dD89A0828edE9fA04759758C26cbB49725e6,2
0xDe55336a421F91c93C468ea61283b95B78837966,2
0xE31D95a90601333823898b591Bdb3247a988CBe4,2
0x858e074772f183e6698961a00951aFbE614a5bE5,2
0xA7EDC49C915d1864cf8B8a0fDCA609391b4Dee40,2
0x9c92Af5d5175D0E4125dB49b15E88A1716266c45,2
0x229C68508a7a540842026A29D9a1D53171643923,2
0xbC822d6d0E1e5C1A7461964B402eB9A6fCFEBb76,2
0x2E722Acf56902794e8223d0E6851122939eF22A5,2
0x98d420FAa5E47Eb7aFc0b32735392c91940401B6,2
0xa5F377407C9De02d8FBe2EBA1be2b1caB859FcB5,2
0x167aaacb52089276892487C891c17eE6bc964Fb8,2
0x4a1D4083708a59dAd5Eb063931FC9e0536E95AE7,2
0x8959Ad30D09262059D9016172Fd2f4158b56561E,2
0x13Eea778bE86a0786776F559DB9e22527e440Aba,2
0xB143631cfCCE225a40A9CB03a86d0466664BcE50,2
0x688D58471635b0ad0a1a5AeD0D81c7e6Fa4c8Fcd,2
0xaaA7CF8D139F2eB21597e258EF09c4859B3456Cb,2
0xeF4457a01Af306153a7ED3243B62f035aa96E271,2
0x471AD0B1C99BD5ae1F73B2c3C80DE77dB880B573,2
0x8a13955442E517520c363EF2ee30Cc4A5B3f7DDa,2
0xe9E2d3bc996A5FC6D2ED0F1556cfdC3A69D04e28,2
0xCf82756B615CD5c4c9D9211588f7F39ebcd21Cd5,2
0x43f8aeAA4a69264dDB82f63F1857C7635EA8E555,2
0x8F20672bdfB842DD0b2Ad766422a3e0C4d0a73F7,2
0x12fe4ed7ed41398Cd4134FE22C91E47701f174F1,2
0x59A7302926a7e0455b507A3a96865b62bd351c6f,2
0xB941Bae6680693e6c9d45f61e87Ef1919d29BE0C,2
0xEe726FBDF56A0FA3FD84B107922c4B86a590E93D,2
0x3C754C31b0137D9bEd9714d3Ca16069BF7e5ba76,2
0xE55e12026B8ed63cb72730Cc6a8075fF221dd198,2
0xF7F230AB720032cB071d07CfE4f1f5bc31f8f81A,2
0xEbDf31cae3c5797ce1504B08DC7Ea91c2FBF0126,2
0x4cf3e25Cd78fadaE0BB2EA4844Bfc7Db95A69c8e,2
0xf9ea7b163c46Bd04e57d758e5C313a7e2BaD3660,2
0x941609856f21C8818af87Daa358604B0a802Cac8,2
0x01ED433a677d0Dda6797a50307FF398621d30ad6,2
0x8cd9bCaDb86A8494C538d6683D3E8237E9966523,2
0x6218020af769A3B23Fd04A8bb1e107D5F589e5eE,2
0x5747FA61AC9c21E352094ACC801cd2E792C15Cd6,2
0x282e6788b13CEE899e07E07D75208a332777015d,2
0x2a30fBA9fBc19eE4c3EFc630C3Dc7687851aE920,2
0x6dbbD2938bb4131Add6932119888b10b0191875f,2
0xD647e77343F2139DE02b1DA7030E6FD66c348008,2
0x03fb16C3c6ad760c234420cfD53e4e420E455506,2
0x549395F1b70452434BDF1e30ffA11Ef6Af1c2483,2
0x2261CF1FCD6995a6Fe7EA35f20919Bee6F70B7d6,2
0xb1C2C2A86Ed7d7A8d2aC2a8525e62a3EBF3e7726,2
0x3D29bEC1A3211ebf02383C30FeF15B8528aB273c,2
0xD0Aa559BF916a058e9f1b242fB988B1BB6B34a1D,2
0xd534672A6A66ccF29DC105bed3B5e335C4B3160a,2
0xe9c6fcF1B1dEf5429733aC054795EcB692d82151,2
0x7FC87ED106Cdb2bA2f6340865F35F70806dd71EE,2
0xB48E9c099ffB6dd658d512809B304366d28E7f06,2
0x1B828D98a8774ce1222748B8A0aE9E7e0761fC90,2
0x299464c6dF500a0be3e94eBc329efb74C7E9c4e5,2
0x1B24B651c7Bd06c838f5A8fA98F0C044BC031f19,2
0x686D4b400f40738f77f61D3751f0C4fc575f5Bf2,2
0xB1FEA43D658A995823cfa1e2Fd041FD60fDD8513,2
0x181f7d201c8529dD4cE5C1dFfd7dfbFfa5de72A6,2
0x665446592Cf2d7031B5D7dbc299435c2058582fF,2
0xedb5a842E273B20ce4a6704E97aafbBD474d7460,2
0x9D63720485d2cd06B714B1f140f4d6A8dBAB773a,2
0x0fe285b13ED9f0585FfB2C676BdcBcfcd0c73d03,2
0x11B755B7814F2A3c01ff0315ad8E572A51433c9b,2
0x0bdB58B73feAf4EF146CE669bAEFC8e2308Dc26E,2
0x5697d19320d29E3BDDc50A7Ff6CA79d0C113d757,2
0x0aB3e7e0457D0cafD6186d47CEf220D7F03B7870,2
0x24c610658bd4aeB469F48F872EdEC34EFa9fa6Fa,2
0xbe30FcF8E407323ac11b9958F2db1C63e74f6c95,2
0xbe2C9037030CeFED9EDd606F9E0891BC0eb565Ab,2
0x8776fC839Cd2EA41a62661bFc63120de5fD08b2B,2
0x5349370e06CaDf2141045F54c0b27472A64B3315,2
0x6cE39c391F1247cb6F2Be60E61375AEc0d01dB32,2
0x35F72A446d67dcC34B03ac3A1197d60b3861Cf3F,2
0x558F5cFed8c661ab172a01B16816605F9694589f,2
0xD13928a9597a65b29783a3e822f7643625e070C1,2
0x2c4AB33fA35BcC5F1d97ddb17215Ba4c59d9C86a,2
0xCcE0a6277a2789285D962E889DfA76823e7e39b3,2
0x7fc02b0F875E23DFF86807eDD0a83556344EA663,2
0x07B293418F3B3Dcb8f3d5c4640E5D6c5C0f014d0,2
0x43B9493AeFB8ceb5bB313Bc97262101348553Fb2,2
0x89cE01d49eE548f846B29f6FB032F634E5139153,2
0x77FfF159335c58aDAB0A71b070f535390E63fC5f,2
0xAB5D23405f5492bbaEDaE891417e2D4c7d92ECaE,2
0xA59ED73dc5AACF17aB391918fCFaF7fb1339D1aE,2
0xD160e4Ba0f4F48F62A5032a51f48c0a39A89b6ec,2
0x7BC3B8378eB8F9CF805DF2e5047860ef94F107bc,2
0x6105B1752678258F2529A100c8a2b397E3f6793c,2
0x02a79e27DAB64A5763f8413658dAb441b3e311b5,2
0x0bF28856cA1db1603fda5BDab26e40b7071c8125,2
0xbe42C388550C9261a76B129C3B3dE9CB0051C0aE,2
0x0E99a3F7724c8Dc11a8a5f64b7705b973AB806a7,2
0xFC590A3eA7595Dc34B9FB19865e6F34904228a99,2
0xB5451f72Fb316880FD774a7d65a8491C27F5626c,2
0x0fA1a68d74F685Dee7240651877DC5022c458ea4,2
0x84e478c5b5255feaD78FFEbc5D29963bd829F470,2
0x06cEc333aE6d4fE47373F6f3C9026a7F33AAA5F6,2
0xc1c6d240e6d9A35a3dAd157F3eEfb6705fB70Ac9,2
0x9760f59f974AF7cB773927B34bB1214EE5023abD,2
0xDF6F4D50b7A0db095d4aD1E15CA9512215b7295C,2
0x1A86eF5b2Cf4295440560d85C82C0eF5fcFc7d2A,2
0x9C80f4231Afc0964f1b8fB83948e3A7799180916,2
0xa8C8f92DDA6E56EfC873482dFe90071413B80dE7,2
0xB78cd2635018F20B1e917AD54C79EA3F2574FD8F,2
0x76625D17Effe4E3c12932B5CcC5A0A563162Bf57,2
0xdD0d827Dd82FA4c1a48Fdfa3f3482bb7a5d0460c,2
0x1a1546aE3415Dd4221569c27Ed64402788261864,2
0x0358409C88e8A273f19f5d360E91507b23fA5660,2
0x45a78Cf6Abbc8cDE47A96daf81f8B4A0792e4944,2
0x7a820d245Dbb2AF356809A3e25092F0A9eCBe1B7,2
0x45D2B50db359A7B1103dB6DA033D7D8F7638B36c,2
0xeEd1718efc1444a0efb7719DBfFD52C5Bbb85EF3,2
0x941f36045EC79e745065a7FDD10460d6bB30DfB8,2
0x421CDa3ec0f9DCc400F681757aA5c424cd86f3bF,2
0x9F175478bE4236eF248aDd7FeeF324744116c662,2
0x59aa72F8ae32E1eF8a291a13f2135b66D01aC47a,2
0x468a5A2402fa721f056B22E0C48d7010016135D8,2
0x95FD93384c321f8CcAd03170630a0830304bC93F,2
0xb6EEA7765f1cBa2F5b4f4DCfbe5C970Fee08f38E,2
0x8EB401940D10468A188bCe39483A3546C0d6eb6A,2
0xCc1fb638c1e2A45B0f99411cfDB33A4B3dAf83D3,2
0x3Ff88801cC3C8b4Cd3679B515560A98d8646b49D,2
0x572150cd1670ED576F96C2d224CfA076535ecb2a,2
0x66062ea3Bd5FCb33d360BFa09dd707bDA0381171,2
0xE6f829100607a4560Ca386F12Dd5A1eE03D26399,2
0x63b8f0758cCFeE55E8eB99917DA97dEc166bcb1a,2
0x0FDd73C18F7369d899c5DD034051469FDEf8bD21,2
0xE1d02B8099605a99849916c91c73C74d7FbBEaea,2
0xfBbd3023a4C86Fb5c335782b4a75f7401A50fBAB,2
0xeF4d4450598b77E5A35EcC5d9181Ba59233087Fc,2
0x6f1d2558a8d1239B2a2baCD20be5Fe988F71d13b,2
0xf8993989e290660C594050A34EBF7A0233be8246,2
0x6A634b07f674a88B3beA87b239aeA32Cc5E9584c,2
0x751403C5d0F4fb64C7FEb97d09567b93d0A1Fa24,2
0xDF611ADCA6129c9f88c8d62cB5dd4daE11c9E598,2
0xD4d263642EF21f0aE8827E85ddb605E86f4c40A8,2
0x3897637832EE3a52DbefAAC02b2971C00318Af4a,2
0x2354222271B3b7f908Fc0de4E685Aa7028461B6B,2
0x99EC449eE308c0398634f0F2AD1997BC6fb6bBDe,2
0x1075Eb2cF8CE89C66DaC444384c771383217cAe0,2
0x2763a3f354cb136545df98B6585fBF7a66Ec2C5d,2
0x8928c5a116374Ed23723BD4301e838a81e70a353,2
0x953563579F1dBCE623F1AC63DF17ec783d8aF6B8,2
0xf13b6ddd1a2371fC6C6bDC1C0c17E175294F8cBC,2
0x14aA57E152f05D194D614495AC4c9E2D5a56824d,2
0x850b248aAbDb037F2aCBB4cd6d6DA9d00BbC9c74,2
0x2a8F49F753Ce16B69CbE5D4898C2CC7a8e307459,2
0xA7b0956fc004731C648256d3Bd909662aA9f8161,2
0x33Bb2483EB35Af951c11FB1b9EDB234A61A79B43,2
0x658CC05571CcfD19ccD068b34Da41f606E0d26Fd,2
0xB7985594eC3d13d75cB38b67ecd3c4c276460881,2
0x264C24625A61C38507c5fB79FD3F15D07441bb74,2
0xEAaF6E911b75e2B1d1B8297cd6E72ABFD04CC4D4,2
0x10e2D75b39d1B97c47Fe7531e47543d94b01aE7D,2
0xBf35c3A7693843d002314a880505faf9397D0Fcc,2
0x9D74E146bEDe4606e132cf88EDfBF5f2307A73C1,2
0x5108CfE56884613D29e79Aefe682D282F01761bb,2
0x0dA18695E6B884b6d0A0536e654149161E86ec43,2
0x73857E104E06b9FE965DF681b47454Ceb19A8500,2
0x463dECE51627Ce62d4AeF8eaa3AEfD48271A474F,2
0xBf18792017DeC6dED1A911a62f98051921f96458,2
0xF5fbD03e12d668793d5fbF39770f374794aEa8b9,2
0x2A994685220429850DFb50D97c058AaaE367a074,2
0xB54F732e86c26E955E196e4aC5EDa3dE3dF58f09,2
0x45350EB608C0aE0EB5E34eD3Af419518dE03dCEc,2
0x6Ea69C4Cd7cd65354F08Ac10356b9937456b9fc3,2
0xAd048eE01129648C1263f7D3a7F8DBaE277c1120,2
0x0eCC95D8f1e5Ac2ff3FdB03a394cC949501B30ED,2
0xEf08400311818E29D0AB385c0Ee965660659F8b0,2
0x19890D94e7Ca431A33fc56fF5d0D19EC67B2fe84,2
0xde6Fa4614AE3f2D1f76B328C0dfb696733F5897F,2
0xd4AadF83B1dEa153f3088DF39df5Ba683A64c2a7,2
0x8e100E7DE7c1c6189322c90584EC5cA167D0Eb16,2
0x9F55FD249A1dDeb5B3fe51AE879f4026B7Ae1Bae,2
0xeBB64ffE195f8589C2465D9288c8857910fe3897,2
0xcb7Ea133342070DDbeF692Cc29045e06495C9452,2
0xaF7215F60ddeF78f97e847B8c1967AC084b87F9F,2
0xb0e8D205D7AC623ce49164bc82f306EA6510c6c3,2
0x324faEC19145474EFe9132A683cdB3bE9518a745,2
0xf2849f8E717a7403D2D06D136a62D63910814191,2
0x7DC3Ff15F2bF514A1a9680D0a2DE2E3bc1310882,2
0x4C94B48416749516622Dc2248A4821B438e8d0FE,2
0x529D52BD01ea7C5f7E518e2D326c46081A50e643,2
0x11D1730377fcc08b277F04188741eA5062A18dfa,2
0x1C77bAAE20aF8a65456B55e41bAa52bd3C0eE955,2
0xAA049938E0E23D4B66aA4A4C4CA5006Cc4C14b7d,2
0xc08f0AcA18fB3DaF95ff1B274163d802D2c7b99E,2
0xe587778325695D2036d41143Cc9Ae34915014076,2
0x8a619fDB076017C2ce96A57Bf0846E4c34fE0ef9,2
0xaEdfad79e33A1f9869F702b58236D507A2e94392,2
0x47ad0ae44EA1d547A3A7da7476E7E44c23D81A89,2
0xD4B13937f6Ddb60db15573301b2dcfeC4F417E12,2
0xAf74A7b9097E55DaE77C5C57328338C7a4244565,2
0x011728EF559c97A4A1C24b83C7c20726EFd0ea69,2
0xBE447000617004B5E4bd18B6784C83BD9e9c173C,2
0x44123473bc16EEb51f1935F8989114a47574b8A1,2
0xD766C2EA8e6F5B0eF79c46ddC22A15878E39C325,2
0x3DED5A49a6F2d2DFAc829A418F48B8AB95438E85,2
0x1ddDfF0D32E7C07548f58c0a4F85685c2E7B748e,2
0x7fbf15Fbab0D452c9FDe5F8Ad0f070114A9b4095,2
0xABEBAf383D14c7601a9240d4835664Bb108CaEb7,2
0xB7938B4C540e8394670086c5114E9e938b5C9188,2
0xb673E97e13f1e6C598E2F1f55098670AaDfB14C3,2
0xF902e58683C0deb3877524d055518eb0D610F068,2
0x71f08d34FA24AcC3aCEbd40739A5B304065909C5,2
0x9b023Ba1183a16bCD31C9f98417Dc2376d6c5169,2
0xDa613B73cb8890b9227aabd20c2103569bfdd729,2
0x0B6C084168168344b2e238c2753f94F4445e92Be,2
0x2a7c9f31dB96a76cD367Ee8346607B3770D5a325,2
0xb20CF6f3C9E5D774CCf57C11b68d2c55C6cb23E7,2
0x0E5f7f928f149F06E969A8c8A3b9C4bAC77Ca7d2,2
0x2714014D9e7C3754541Ce554D9de1Aa5Be8aA018,2
0x455bdE21F436E98ba6DAB344994BC4666E61C8Bb,2
0x4C57cB07c1ca5Dd8067D012d2F0531C7cA6bAd7d,2
0x10BCafa86cbD1eA495C053c8d3C550604e8Ea11d,2
0x53a929253c15DE35DF76e563F1dFC0d25b9ed7b2,2
0xdEEb3BBC7aBf4234db7FFA217987F2b376DBA764,2
0xb6bE3D92E66E710FbB8d45D8fF91EA242e8459C3,2
0x31c985259af558eC177ea90f5fCC8c629f218Ca5,2
0x2D4B7e615cC19a100a670653D16391904aD8a08A,2
0x5df79Fb0a5e0f81B10ac603Ff9F8263d211fCE5C,2
0x92ed5e7Bf2F4c1589E9095d8Cd6CB8cdf12AE454,2
0x51E66B8004f28Ee175BCf6da6bce71d9BBD50006,2
0x4Bb2A1AC89865FeFC437bA760b342272792fa235,2
0x912eA8bdf17E3111BE7E4A17DAB0895FDA38ef30,2
0x7cD73C44b34DEcf13fe17bD20E09b9A8eA1fa3B5,2
0x5E75b1724e0b7148a71F2EBA55128101b8549380,2
0x118619E35F2Ab5DC8DcF53A3BEb4B4D5a956F1BC,2
0xa799A4373A813f796D7Ee228215433e13d553f40,2
0xbc375A829eBDB6d1D897aD45Fc80d7ca35705009,2
0x310488BE137b7B2371D18fC3357b42F3e5E3D8ae,2
0xDFf14367f8CAB7c443e1968d9c58e1a5526178A3,2
0x8cEBBaA5Cb7a1879db2B76B39de5FAda8dEd1BB6,2
0x3cC5c0D1C64FafEE5bd673D9241D12DD265f78b4,2
0x4a90aA78555e556e5B05019E5F5CF5AA6cDE7f0b,2
0x0DbCcbC8A6a34457FD50398560a3E2aF4CbEAa83,2
0xDF47f8ce4aa95Fd60f492303939828bb82b4A20A,2
0x62D854D6Bf2a287A548D430338BfAc76D21ef5f5,2
0x858F8E08B1c8c4a413b83AAD12aC5D5288882C11,2
0x30b8D079BbB99D45Dd78c4117B16FdaD94698e8e,2
0x3278C7aFbc78e6fBd65B3DF20285030C70CdcDA5,2
0x225fb06225D5bFF164B7F4EA6E04a7cD55900090,2
0xdBC412ba8E3C9bACcC3dcdD0460d44543432dAe0,2
0x30BeCc6701Ad5AD767FaCF7B02703E8c0A71B608,2
0x41a9eA6f398A8A15538aAC11f1379760Abd13b9F,2
0x6c46Ee234a00f3272793175113280e7b551CDD1E,2
0x53B379e01e42C9AeE1EddC39abF73D9Ce96aE023,2
0x58bF5EA988CfbAaEaB89ec0d727C45c19C3215d3,2
0x38Ea3C2f47bf62775C2775A1dAa61369d49B3471,2
0xaB82FC66239Bae36A69BF3b7360902a2A35EA2B2,2
0xC1452fA20496366540Fd6FadE0CC938B1dd47A5C,2
0x53308965AA71a335a8fDbd147b68899d89A4eC77,2
0x93183f65F1Dd5543E54eA6c013037c89c1cFfa4B,2
0x06d1D54C3bdFafBC1aa09b9e24AdEaa7FFC74387,2
0xB73D21e5f3Aa7c2d51e005E98dda8C5f3c8DcbB3,2
0xC6b5CE0a20117972c370A7a07c20D0391536C0e8,2
0x43651b6111c5Baa1aDd5ff34D29590192a750029,2
0x18DED41AC2F1Ddd92f5cfd745544C8d067421Ee6,2
0x93cDc66c6E7e84FfdD03dDA363c7D9d22385BFe9,2
0xb8EC0CEc28fF09645141E0364E1e10064913dDBe,2
0xd3C7823617F7b5fF2E0Bd75099e15083339BA506,2
0x6E63e9D16759d38b3781da669Fc98043068b05d8,2
0xD4Ad7e69215d48fCa1735F60A4a12B73cC9b54c6,2
0xEA4481c290729e64bAF017744B50EcB2Eb43dF70,2
0xEA11251Cf4723928eADBD7451f116D70feE3103b,2
0x7862Cee5B08300346815B56b99729363a239bdEd,2
0xffEF39616274798aED2119aaef789bFb183f99f1,2
0x9c26228d0F5De799F712825a14552e8cD8324a80,2
0xb810833A9719923A65CabC96391b9087caC0e523,2
0xB85614698567C74336C1D31a8ad5cAAC8e21F837,2
0x72005DC6700B2DF03B41a39fA447BD1Da178b7dE,2
0x4FcBA582dD8648233D733a2303DDDB7192f9ef7b,2
0xB8e9b8C2084be2B2282333A35FE4e365Cb6d91Cb,2
0xC1296E5a2aE727C18BeEC45624d48FC531f35eA8,2
0xADE5A21cb17E565b43f9d6e9A43c203c4a5d0C79,2
0x2503DD10E4b36ACFa77320A42ef32D439019100E,2
0x4b898f58dfEa7614149f36a47b509A9cB1c044B6,2
0xFC98840139b4803cE2e190cE718d351CdCdB37Eb,2
0xBD6664A81A40641A12A70A281161F7C51b7Ef686,2
0x98bd9C24Bb67543938D2E6Da110bB8a7345C62a9,2
0x6Afc888029508de9F018E3dFD9F691B98929Cf51,2
0xfab0635a74F4198Cf032390C9502Aae80FDD8563,2
0x06A636901370B6233D4B1187Cc9C17eEF6543A79,2
0x3FbC3810c34208005E7b770D24E616EF2157617D,2
0xEa3c5024Df7d960cB636733b314926CEF38Ff41a,2
0x8d3E996244A2A870279e3312486D01F91E66AF03,2
0x5342575aA706317D1DD7378Fa63a47Be4C8e2bBE,2
0x6BD671229B0a22f20F62b8fF7e0268EA8130ef1d,2
0xBA2FfAe6d0d2Eab0a2fFA45736e75350991eb385,2
0xbC891BFD339aE46FBC5d3C65dD688b1e76Bb4209,2
0x3D041345bA17d11F1e85C03Ae8dE4554e53131CF,2
0xcAdeFfd4a280979f95bCDF83A01402FE1B286c2f,2
0x21E7984F0c8Ef92FFF49d77064fdd3B4C7AcA1d8,2
0x342b72f902523Fc75BF4c655cEFAFB5bCB42C2fA,2
0xc441b5f644ef8e8238b411a807C18532bC8076C9,2
0xCb40f14F91989Faf69365e626002f8802A4450A2,2
0xaEA6E725Bd13FD49C5EA1C0e73dc3623247097Da,2
0x8377c4450Ff3746CEf5b5264BfC19299Aed11a81,2
0x352d5605370796Fe3751b3385cC62d2C50CF7c7e,2
0x2B8Fe265E019674E90fdB9903d783B0dA02e196b,2
0x58250cFec7b207ad058b84b88Aa065d7c5772a8D,2
0x4749a690CeB44Bafe7374D09a32a064a7A601Db8,2
0xe2DF3EE8AdC926f958eB65aD30C3a3f81c86fA9b,2
0x4D8b8431A9C1def498D090E1CEA30F9740FcD27C,2
0x96a80319AB2Aa6E2C456b244110F5619BA30EE38,2
0xcb8bccc6c1393161eF8b7ba8FfDAf158294f8902,2
0xdE90E124170296E5a770850B693AEd345FAa10cB,2
0xCBB1C5ff38dC28a48C9eF774BcF5524C267bd7e1,2
0xbC962C8aa6b01C8cF5271deb6Ed61E8d2589a031,2
0xA6e63FBD9f7476896207292d4a6D6CE484221673,2
0x6DD58a7A4CE2ee6d8Bd655755938702fc5AdD11b,2
0xCBE9F531826eaf2473B1F0195B6aD57C12045d39,2
0x49a519c02Ee7BC37eA489e94F0684B2d24A74004,2
0x9d8312EbB3C4BA0ED3302AD36f1f564efAd8C7d3,2
0x24B61C45aA744072e700d1254185ee58912BeaE7,2
0xAA44790c9DE5789eeD11fA3db083eD1E00fD0edd,2
0x83C9b82Bf3DE18bDaa6bB25604D6878dddDFe530,2
0xdA3E34353AABc309db6Bef8a99DaA36AAb225c53,2
0x925bcd0a3fa59e8CF05034C7569437f719B7350A,2
0xBe2b39Ea2413c561951eFE191BDd58189D8CB8cA,2
0x0A2a5b8a09bea81a8F97c3Da0d0A7744497759FD,2
0x6D72876c46BdEE1E6A1F7e1256418fbfFd095Cf1,2
0x008a4AF5eB80A4bC97df367039156Ae9c9bbe5dD,2
0xA8CF99Dc5825435b7d2D8F37F418B14fb94d68F1,2
0xF59A263606a23cB65c04A07036e8fBaC4e969cF2,2
0x657EA1183A9f6849936C2cF085dDc53061d90055,2
0x3BE59b9545ace998F1Ad26e1505Be76Dc2bF5C4f,2
0xb35e460034E3fE81B4229868c0ef80A578991DC6,2
0x3040819A889A95E2d8dD9b30100Cd92B3972bda2,2
0xf8B70DE25f156B78a26C68278BC5DC1c308C9Dfc,2
0x756345339dc50b6F5656B81c5266A9371C69B70D,2
0xa60a2C8A2096bD7a9e4DF33663ACF79FFD471F6a,2
0xfEb56395802a02D10E9a4486ca1147824ADa624f,2
0xa497475ab9b6B589917104FbEB3Bf78e56B42c49,2
0x4d267DA8654d73F62b231cb093cbc219F3e22A96,2
0xa2fb2a3eF02A35d9248dCf9F18DdCFD70CCAABb5,2
0xd263dDcbebe0c93dC979c446721D4A06d9cD8E21,2
0x1d5F31F9647C911349b6F78d001e084dA9EA4682,2
0x388dc1B60544a40F978b8E871Ccb00Ff82B62875,2
0xf8FEaaCA48FDD9f0bDE3433c20e2Eb8Ae3CF5003,2
0x51B91250237a9BBcE6be9dD9C8517f5CdBA442F8,2
0x18A8D350Aa987155CD18daCaA5364590D3711D1f,2
0xb126F5014E644a54e9301e8E4F94E3925bEAfB25,2
0xFC4Fd19a162C3D3EF1615Ddc8E4B90F865Be48c1,2
0xac10C8c42056FBfBf4719E8b2b592964655f71BC,2
0x5E8Df21d8435e17a56618309Cd25bAe16a7463BF,2
0xFB1855139A0744108e6e4c48E8482DC3ca6F8CF4,2
0x6deC02f263FA990512742ae65BBf498925CdF1A0,2
0x05AC1D9D02aC93012b8C33e30A290579756d6215,2
0x659A32aEf3D954A943D8092917e68555323eC5a3,2
0x82e5D6b5E1d86FDF674cFa56fE8b971Fc758BA9F,2
0x1Cb3DC28Fa54C2B961f5B916Da99FfbA1D2E82c7,2
0x263c6aAfeDB9914433501b917c38af91147034bd,2
0xF338F9CF25F94E571768De8aCC08914Af387226d,2
0xf690b46034f452F986f574B6DF29437C5b361470,2
0x17305F1C9816dc0fF77c8E979501fD23293E6e00,2
0x0b3FC205A443342218D55c7E1Ae0213903eAb5b8,2
0xAF34fb13Ee69f47f3c9790f02d9AE98702BBA271,2
0xdbbFeD9f2d65f33F312C8fef5ab613F273B4fAEd,2
0x06a8BAB13Bbf3E73F3A5Aa49D208e9c5c8a22AB6,2
0xf91928ca3D33c7B7845D1329f2891D87f1BA15B8,2
0x2e4c4D5c775625a6684e093C92a3A85F532235E2,2
0x49112E2165c2983e22E45441aF28fCBa27494309,2
0xfCD911CE3Eb979e5e1356E8603d8F57a6fAfb86a,2
0x61a2E561B9CB6295c1bf421C4834a53A7b33B711,2
0x6815Ff96050235d7F692C0b497b8402E2f75Cfa3,2
0x52dD5D42043A8B7271872Fa57cF9CFEC2Ab9d4b8,2
0xc390f03B82aF5C790CdfA22fbea1aA178bCC7540,2
0x7A69d7f3F0eF3330eD6184dc569b48BacBcD9d20,2
0x92EBE9773b6472CD2928860CD29F320d64C07373,2
0xb201eb54F9ea1Fe5Eef5Ed2Bf1Ea36ab4584972e,2
0x059038bB6DEB29E8059A50d2766c7e50dAe907e8,2
0x9A345a3fe80775bF84CD30979b357a333da591D3,2
0x1ae4C562cBd64fDBcDe0284Ac9f52ff536aD4D37,2
0x44189Cc924961D765c0458A811D7DF6422020658,2
0x4042e9E58F4311209edEb26eC0fDfE090af14226,2
0xfF788957cb320ACe0779371220a8d092ea885D3B,2
0x959a3543f341492F26ef4A295eF8E2DE109B7E89,2
0xfD264d42C2e034Cbe3Caa464CbF6FaA6f7D4dB95,2
0x2205F62114941324da2d5700B65311B118e7D2fa,2
0x0c0f1cFC1268d080fb1ebA53A3D49961fa55f535,2
0x19b945A24F393C7Bd8AEACaB25d64C1Fe2102E87,2
0x5CccB52a16eF337cf69Af2d95160e46E3472445b,2
0xee7ac62c1E70E8Db4Ea96225eb5Bf7876BB70513,2
0xc2f838982bFd250F5b78B5C3d3F226B966A13F22,2
0x48b1F760Bf6301f7a1B76032FeFC3DcC4CA40239,2
0x4dcd0BEC26f68f7353A6503B82166Ec3243A5b7C,2
0xa079470614a080a66Cc4b90B8c97969Ab492848c,2
0x3eaA9AAb2D135BCB8207f0C6E873004F1D0E66a3,2
0x8aa96933D3340DB2Ad5433eF85c3B95f4dDD6454,2
0x5180b39ae068468eFb0439225707C42cfaecAeB6,2
0xe0A7FbA69B1864706e561d1245fb2E0cB353B64f,2
0x4600302064efb57DfB67B9545fb5a98AA0368478,2
0x342f778101AfAb1Ae87c6795C4305289A3647ac6,2
0x98d51408E6a589DCABb1Fe4d573086054460B428,2
0x34Cfd9528255AeCb325161Ab22cfBFf53caA916C,2
0xaa4CA03797642aFdeF27f33D785D4851aDbA8B95,2
0xd5e7883654b29721AE955242a0c1adDd54eaaC09,2
0xe709b4cFbecE119e4E03fe51b79A1Ae67760a66d,2
0x2047b393A7792f66886Ea7b7c2C41708D4C8281b,2
0xd74FA6a36Ab765f292Ab22E158A82a4F0CF5dDd6,2
0xCf6775e3b0cB9b36A1D238F4BCacD9Bf02118F75,2
0x03AC1b5A2F5766879B15EC3a46DB981b98b89160,2
0x292464ebEec71663C395Cc739A2eeC07E593A363,2
0x28e25d3f967A21C7942861C162Da882819596208,2
0x7B15e2abF2166a9302BE4a88B5667d22CB61c55c,2
0x01023cB7393377431433878AABeD2a64B9401364,2
0x81bED6469464C3Bda6Ab8510525A7e2F08A2478E,2
0x41eDfa09EaEc92Ed76E82f000693705C605376D0,2
0xA949427f227936D7Fd19b563E35824713ad72c0a,2
0xbb32D736373BEf740d582f8338B68E6a3a4b3C49,2
0xDe6B92304309cEd99eff25a3b7Dcb0e668D89D69,2
0x47700cB02EB0DDc2d641BBCb993a33BaAF3a05bE,2
0x31749D84Fd59A7Cae1FF37e01bD7d38c6DAcfb43,2
0x122E705d5cc1154d42f9f3dC94dE9B98f687FF0C,2
0xA4A92fFA7F4540b1791528d907444498D38C6f7b,2
0xDc95993E543354fC59275Abcb14044dd859D1424,2
0x536dd70Ab2dc0e63BD5a1da09AF06836728136C7,2
0x1755C7827A29456db5081F8D88D725F494568B5a,2
0xeC29640D4493266c2513321e34B6f1ed86619508,2
0x466263176B3Bea7cFdC2Dc5355Ff4b91a87470BC,2
0xF8D53F8503ACd6b2A1a1201862F5961b1fB422ED,2
0x2f24b385BB3B9636579B0cdb3f15ef0874C77Adb,2
0x394ED0404050edE80a1CF17fE8f168D46bd614e6,2
0xC16E0CeA05814156689613450aeac96B836ba920,2
0xDF3B024F048D6F608E16F56305E8668F43ABCf47,2
0xabe4a0e42782db168F452Fc5968cC4e825DA9931,2
0x479DF6DEDcF22C82EE48D23A6fcA483C2BD479c2,2
0xb72413A69142d0d356abade8b1Bb33D65B398b71,2
0xbbB99848ee06aBd185798D1102568a104F831491,2
0x9E1Dbe9f022c377Ba9A9dC9aC9554211dea871b8,2
0x5D400cacD9486C6226db30E9066D319956Fe9539,2
0x723b97B195Bbd406616460eA516768F3c5D274a0,2
0x9CE55f68C3B3779E7d6ea0a35400D3eD128fD600,2
0x2B7f5E610D7852c3D7A195dcD5852A5Cd60Ac09B,2
0x4eBF8d1640f875EC2477C04341C06051Ef59EB33,2
0x48F733f33e59DC52eDD28399010Ca3E0cC5c353D,2
0x8F3E0F59b5f77625C48134d84cB19AF7D73A55b2,2
0x9e324053B01A6b49C9148520Bd649026D33744cE,2
0xAeec977AE22Cef208F51d319739dC98eeeD9144e,2
0xA0713ff5FD92058238c6de7A23DD49fd8027230a,2
0x4B7c876818e5c5f80e274C4E3563211e9248955A,2
0xB19C47C0A8d3837320ad6464E3061ee5F4e09390,2
0x0Ae7Ec52D20b764B38b40C1457489b14EA9cC93B,2
0xCE4BC688BBddB5814580721Aa02D279C1fB90aA7,2
0x78e1eA32C713cD1Fb2f9C477b09E788bF2BDAe56,2
0xB267D955381ABa0Ee824a6699b3cEcDC8996eDB2,2
0x3F147cE7305f040BEEf28165f90071Bb3099bcFb,2
0x28F9a74dd8e7f03f59D44FFcA3de27dC0acbA2e6,2
0xe9CeB52a53bB5c2D4c61Adc8d049219582ca3148,2
0x5Ced0eB0Ec9d470A9d6dCe18B59768943BbFa4D3,2
0x04c352dEae65BEbAcBD7c2e59bC1fc982790cFCF,2
0x27f9F9BBf202931D548F675D4397d12BE2137C90,2
0x29e609F9DA24E4e9D41D06576Ae14cFc7CdE83d7,2
0x1Cb37fc7da44aF9d317C8Cb18789eeb89c320248,2
0x15e6C6aC782309848D583947A3B9e4972E172aaB,2
0x2D9D69cdFE8c6BA3Fd469dd8D9ff2909f0Ace111,2
0xbEda5D83422808c0A52d377e4809B24D0641532C,2
0xFdfdaf638B2f3A12F42Ae26E80Ac79cfbfa58fa3,2
0x57c629009194AbadD8B61F4B4c333f7aE8f46aD0,2
0x8F3D083FCFa3Fb2F364846007F32c4af5852e3d6,2
0x204e18A02Fda4804895c59F0Ca1F80B2989a99bE,2
0x017fA617Ce699D809e89556a7Cb40A28d356821A,2
0x49c3cF8FfB7AfA19cd1C0886b8bf851C763CBf42,2
0xB81E9777bc92d294ac8bD7b527dDd04c95F417Ae,2
0x989B5F0F5FE2b0392e7cdb6fBeC85A8abbeC4817,2
0x03Ba7826de65459794D581F8bb3B550dAF96bbb3,2
0xDdEd890a1362BEe760Df0d08F9909065F37a0165,2
0xb147213658576D5137AE66A398536789C011ae61,2
0xa359B7FDBEb9F0D0CE20A621673f9aCD5405EAba,2
0x8A0f5E8c7BBAB936D294DC711000D384c7f8A79D,2
0x158388dB47e38f36EbFD4797F5b33048637a94aE,2
0x226E0056827287A0B4AcA83B7C5E349403104022,2
0xD8b6de137F76b405D1F60f1B42DA65e79C726d44,2
0xFab434F9acBd6457fD2308dbFDf24f3Ea408DD14,2
0xD36bAf1A7BB7Fe5604FC57faFAff353700348EDF,2
0x2F821FdC6c2aE2F4Fe3dD0Cd2e11f3BA4f508295,2
0x5775ADE26a143960FfBB0804A1dB69Ad33A66EF0,2
0x15650a22ce3d73E3D9f1b0A6E922A5D94a9f264e,2
0xC990FDb8c2dADb300d6497Aab34FD644383B74a7,2
0x366AB055a11244c802b7463701f85d3De15e5dc8,2
0x4D3a0c4b1955D437e9eBD663E54c85D766839F9b,2
0x55ad8DA99578e89e801089F24E04c84Ef151D8c1,2
0x004bd2ee8C3916AfE1da078c395b902BE4F98D1f,2
0xc33aE4D3DAC49F8A5B86fdd0f360b11F0dDE9C76,2
0x8361a1e27ad0AA3c0d9140d61D6825b86110e2Bd,2
0x82d1EEc3157001FCd433984e42a514AF8Ffe6F35,2
0x3e6dc14e75bc23E90bE4bA1E4e27d89931Da307F,2
0xd4F48986D5105ED4260cCDAE41450Cb58C9A1e3c,2
0xea6ED276d1F6e56d3045D696e37BF84253a22605,2
0x44bAd524F339f0ea4ce437bBfc7eCBB041a4Ff05,2
0x4f486F09dB7d49a5acfC7b7222e120dde38887e3,2
0x68Bb8f58f906E6b77D958129358Bec668B6e0d2A,2
0xe4268c544B38Ea16c107508986B1Dd7a38D63EEc,2
0x75aaCEf8a95Bb6f15aEf6233bbd2441D00B57361,2
0x53d87fDE3d8bC4848CD82D85B4839AC196Ed534C,2
0xe473F3B82ae6Cc1E561FBC0b4AC8e53D1a5DfAc0,2
0x10c60F579D46A504e3B1E1cF666123aFFDc35834,2
0x9ab5d82c2dCbA107d70fA7c2084169733eB093fe,2
0x8264883A6C5689654E3EeCAfFb07A1d02f6d4FF9,2
0xF65c37cEcf4372aA8CFFd138DdEBf899723eD66c,2
0xf33e7950ab85594e216E1A4c329A6829b606F4E1,2
0x12ea9F2BAf02D2d6864173A795D17AfD3659B300,2
0xa4bC7CB33C8f947df7a25C23Edf79DF16209464c,2
0xD7d800CE7cc670b543e31f7f48d6afc2732598F1,2
0x3791b6F8e7dF71302aC0D1eE0EDa38928d2F964B,2
0x9c6969877889c4173b64e1F91e9923AEC9709F1a,2
0xead151358278b34c8f23723e06E6427E963007D2,2
0x2c6050552964bA88a86170537d3FF02c7984FB0b,2
0x8C32B25Ab6042234BEA0b6869Bd2Ddd2BcDE1F40,2
0xf69EF18302caDd65a524af7d18c84e9a550e3279,2
0xBa2d3fF1dF0BFdaEf071f324d0F4101bcB805BBf,2
0x7F177F7858837652fEEd1e316A08817D5cdB4C57,2
0x78f1702ea4bB4A096Ada72CA2F2A1BCeDc91AcE0,2
0x881CFEC6093173eF829DD845afc579E9AE272C72,2
0x732703CF3F0c8f4d65eF6f7f82833676826ACf04,2
0x192702Be9aC48aC37C94B3F34eAb6812AcC3Dc03,2
0x3Aa14499E6e35190C480220Fdf3ed32340372523,2
0xbdF9f32cE9A9D687829aF206F91bfDB66670Ab80,2
0x372e7722279Bc1222947b36cB1fd0d4C6D472Fe3,2
0x54Fa2E2be08A6885E9EDE0DfFb200792db924BB4,2
0x4D2976eEDd214c8bCdb01486e5b953cA516d8187,2
0x3201b7E5476255fDc937A4A3AAde14552a542470,2
0xbEb76067B946d5b855c7DFa57da18e5EB4340300,2
0x750fA33C18DCD5D555df7Ea23Be65Bb0474e4E46,2
0xf4f2668D233549eA9960F403e8554f4225d18EB1,2
0x6cDf7ACae7c058aa11470969156c23fD537CD815,2
0xE7BC25a09D68f9Fdc2dA051dC6fB3488B2723B11,2
0xd2e84e0753af2BfE6dF3bD99217B856B4Fc900da,2
0xAfA81Bf24522997657c14408497006fa66142f42,2
0xA630B22B70Cb66a66bdC0706d889a429aB6f37Bb,2
0x25A99632c3902F68135E9D37116542b688338F20,2
0x5D87eCB3f7c26a75fC20bcCb918D100c71032A7A,2
0xc27338186A64F5D427715677a6aE1D1AF9A20dEF,2
0x847ecc3de77Cc2Fbd7a1cc51169ad94789Fba019,2
0xd8604590Ea3660ca2954c05d550DCb8a365C42c7,2
0x186376999825A05d6499545D75eE0Bdf1b2eAB9C,2
0x05E44257565Eea46FB53486481243783645F8980,2
0x65578534cAA54B399840dC0b544Da0f3C0D89a30,2
0x9bb36C24652E13209922BEb9B38Ce49B1cAe942f,2
0x3c71B243DF9a24474DB6Ef583783D63a903b09d2,2
0xBa7c3C01B030f21A11e35E1769550f2e5aaE11A3,2
0xe8E38e9601D7AB0D0bCEEEB542BDea64517C97cE,2
0x9CF7f55b24c2254efbCDF4053A175df99Ad2a1Fe,2
0xff358bd9f6FB7eeAc7828A374c9547ABD4DE2711,2
0xBDD251a9913B0d66De942fc54789E65dEb982Db7,2
0xCcf29AABd4e83934c5b60a98E80cb70346e220Be,2
0x4d3C65e03CDc64076b0B8c78d06427a64c2584d1,2
0xA0E51A4b045C486d4164AC60b80CEB915448ab2d,2
0x2e7cC507D72f0820929fe3654f4dBb79EE4C23E5,2
0x0E85049CaFBdcd969f2dC99df133F7F78fF20353,2
0xAB118BA9ED4d5FE828BCA45a76E8204eaD420976,2
0xFdD71FD6a59634cC934CAbdF659EB43f525EA69d,2
0x299a529D190809A099b1EB09d68213e7779979D7,2
0xfab6dA10a57b38128A98128cb6C4C86beed0Cfd7,2
0x23815D3afdcB556803B5B49c4Ea21c08081105F6,2
0xaC10e4FE55F231b46dB0BE53F268F667410f9B71,2
0x187C08B4abBBcc6F9f81468ADcc0325196c2EbbE,2
0xBE6821a1Df553D3AD699072aA422220435a1CBfC,2
0xaDc20626FfD09382B36fB6692364Fa0C17eFdb31,2
0xD04f9e8a4535ad1BD05fE6C56A1ffE7e7a58E06f,2
0x2646Ee41265fa5Cc62CcB6dac530A4348cC6659a,2
0x4459249255f2cFDa3A28220E7b5c7782726c5E70,2
0xAc1E17C53DC3e4C48610BCe8a4999b5d0250C6d3,2
0xaEB7bf39Acf07549fF1725F3BE6624c5E5c20CAf,2
0xBDF642D0DC9c685FE7e37FFA2D7B51E602205Aea,2
0xFA2BBaC63B459AdA5d2e8f9C155eC9Aaf47BC765,2
0xDD00276d5c2683f85Be30cD289BcDD8b9cF6C267,2
0xdfa9F6aFa376325dd0B6dDCEAEA5698CBa238Df7,2
0x4e47421081A65bE12874968Bb86bfBB51d441959,2
0x41399cEF82Db0bF0cF4D4EB8E0B62138437d2ff5,2
0x2E1098dbdA9cF0630ee3878486Cf70BDfFc7ec2e,2
0x3B75fb7757546a15Bb614527D545334611F5cFE1,2
0xDb9cFAE81C17Eba0af893341D341000757639acc,2
0x1974Bb1cb0e96585354eC3065Bb3529aa9Daf330,2
0x41468Fe7664CCb68Dc753954209Cf8D0c2170eC8,2
0xC03A7758be445b0dfEcb8223ea6f475e8207621B,2
0x01179D5d1c855Fea55251690DBBf18D0391B4Df7,2
0x7FE4d8FB8F5cd3df573B905628e964Fbe9962400,2
0x86B704D8351BA49fA0Dd65e022341a1f8626595E,2
0xD58cbcA304803dAa0cd2ce54BE8f5eAb195Ded0B,2
0x16a053e07446074Ec0a9EE708bFfaD1170935694,2
0x0bc3A88955d1566a7c8356f6718B69f1D8a7f96c,2
0xF6B1B71A6B7EdCBADA34c616b57E003f6d735Fe4,2
0xe19964e4894C389e2B241B28A7Ffe387727eD994,2
0xBA9F30F1df5334d737a52f42fA67086ba82b6bBb,2
0x5C97B631Fd889B975AfC0718816e90fb039f3946,2
0x85735A47f67772506172c43559ed0f845BAF31ac,2
0xc3927d9Fbd06EC8952eC9D5BFDA2bDF7785aE996,2
0x437A457797AA6991b8eC86ce2f5747bF4a60D206,2
0x1CE6b6c8d1b32fF8Fef8F017EC12738F299A8d64,2
0xB266fDaC60D82736164D81c9e096330dA4AbD3a6,2
0x0B1eedeFe0F035535855BcB8aD4ca3fD8FA598C4,2
0x5188178c435D6719a2dF0f3e95eDC3C4244Fb227,2
0x91E58823aE08c993b930C835DBAfF2a9BdFA5440,2
0x757B0D8F4494babECEb5B647995112BD54e02b9d,2
0x3af6d85B5290100fD3264174FF60813360E2942f,2
0x47Fa285064156392363aC5d522A6422EFb4AFb23,2
0xc33752687B07F5C1ffB2951d7820dAFAD6ac2199,2
0x76533D333FD324466Baaf9A3f58693702568EEB2,2
0x0Dff58482BFC0E5047eBD3822E55F2Cbd12cc59c,2
0xbfcE9E72DaEC371b183B03282832fB746f944d46,2
0x6F93A27be6C4E24FE9664CA6F2bE339E4cBC8706,2
0x146705a7563657131277498202b98a58936a17fA,2
0x7c015D6A35A74Ea1f205EBfbf75c9d58227894fC,2
0xE727680C4b82eF64eB76bf0793Ae3F177eac428F,2
0x83D0F200c75AD387e0a4607465250124763AbE4A,2
0xAfc5Dd58D800f4df3083Ac0fD18301F4eE336E2e,2
0xd24933E5f1c085D5BC797B5402aB0ddde28C09BD,2
0x84299821049398A42aa55303ADc5bE375Be08fFB,2
0x6FB8D38290C157cE871245BC898b89Dc268515fb,2
0xA44Df2F78bc3d52ed9396C16267a8f37C7861ca9,2
0xcBbC314f0725fF8045497b34c65bfFc6133d3cD7,2
0x1BDc088bAfA0ad050F12FfD15123aBf72B6dA46B,2
0x2AC7d423f416599BcB4bCEAc9982698aeEd5E5e3,2
0xF6b70a4AD5840C25489946A30e85b14AefcF58A3,2
0xA272FFbb2220c78a8F2BB4a6495B3394b7197815,2
0x9edD160da56B1FABf7803Fc39c4e3ba4b00c3f59,2
0x3d5625C85a823916Fd245D295e51BE3774CB41Af,2
0xec8D16a7c7275F35F04a39d04Ff7394E5e99c19A,2
0x12b22A7c9720188CF946a5f44109ad0C787fFfaB,2
0x26cA3c192B23177b5E3BBbD82682216b3522a597,2
0x5fA1479040A05E2A95476a97eCe3d5C173c20905,2
0xc17D1818f8b06Ca8cc27D9a82F0F76949a86d0a1,2
0xccaaCFc897D9cA6Fd9f5c65717Be650db1cA9b43,2
0x29b7c72520C8E3fd6c51078aD36095a1760Fa684,2
0x220f798a5A9AD20F3395cCE0D38D16D488261B2e,2
0x7D83B54f27C2521B68838BAAc05d783757221DDb,2
0xCe8FD4ff551b8430c2283858Ed0153711fD74ae1,2
0xd282d19E448089862A54D6cb8D12bF195a2d8e8A,2
0x90C3E46E777D0796bc9c807729dAb82f60Fa2966,2
0xBB5892FB30A27b53b5fd946Cd8B430842A853812,2
0x552B8f3e19bB6d43966198ba6DDb05735Aea38Cb,2
0x186dcA33fE8CED39bd48e3327a084a8643940D4f,2
0xF4797098906C8beD40db516925C94920bbD11f8e,2
0xd6d435Cf1E3812079e4707Dd8c071C0FF669c8af,2
0x186E0f1851A0ff98CB1a3d6eD63c00568Bc09E31,2
0x03F906B942B3E826E77119c936E8b44Cc445F540,2
0xf5Df4E5Cd23EDec5838962698deA4fA1AE4324f7,2
0x9b2C61d2B7473369687914dFAe2Ef2841b5E89aB,2
0x58152829DA0098272FCc7525654D4E63B7157C7f,2
0x48fB14318809D7d70952c7B7e3c6CFC0FCa30ca8,2
0xf83bA94b75aD25223105a1a82a8FC4e1F9608B4c,2
0x0b8b1116E64096fe34638AF774E9e2EEe4aD2986,2
0x49866Eeb2bbB4a9112f4Bd8b8Ea54e9Fc4aac766,2
0x21d42A19eED3c9C8A1d2FDB5A2Fff5731af433d1,2
0x94C3f03f56E34f2A798405F55409a503d673a3Ea,2
0xD19c338D6bB2B810e623c81A7254A7257D25f0b6,2
0xF193313826Ac1768F99C71b7D5C5525Bd6F6B87b,2
0x00C4f7c99Dba8883E39d1264ca4DCfe93F4BA8ae,2
0xCF7fFF4904a0ED25336a3C730ceb26f95383745E,2
0x89f70F4A804639fE8354Dc801ca372989d32bAD4,2
0x37D30bF8C49987f0E93378fd61c7B8FBaef67042,2
0x5cF3fFfd290c4071F74344012d0F63Eb6d929225,2
0x9B282A65f60ABD75B38a54cdDaD1038532a5Cec2,2
0xAC2378C5f39572094E323e6a1E9f61aDa85708c0,2
0x378b40fe46E31306C75123e21E50FA832e4DeE05,2
0x602090b9446630C68A6B2E9554972EaF883D4d60,2
0xe40f383aE7926E2FE91E4fF6a93EB28f6910566A,2
0x8e300e934F8a4Da6eD6500f9f5EC44E807889bba,2
0xFBadE602453c1745406c9BE21c86Fb6Ac7bB9B12,2
0x3376b50541CAfb92A21cCcc90Ef1EfBDe370b24b,2
0x29A2363DdE510071DD447040b6739D297382D3a0,2
0x441085a9d0DB3f9F6592dCC425D23F600bAE7C6b,2
0x76d282e75f7D58D384Ee03125D0C16f4450B767a,2
0x4e4aD7d3554f4e5163eFf9F0311F998384D48609,2
0x4Cc3e97cA80Fb3b7E146d719B188798Bf3974f36,2
0xdCC728120CF74170430bda5a5B396A4316A469e9,2
0xe8f75419e03e14bB8Bf4f1b7690bEC1eE64a31C8,2
0x5EffA97C8b3218dC6D04442071918BeB519511C1,2
0x25FAc50eD69425CD4ddA4348a8A9434538479648,2
0xa91f68db1f92501D680f2A1360fe842bc28aB50b,2
0x0980c9043687F125f0c248467700a446b0b29c6b,2
0x44b55156c2e88a1Bc8d58Da018e5C698A5d4b06b,2
0x3721e26b7b0A25b80dcaC418D0ed0Aa8Bb57e56A,2
0xd7dbe60B9e1B441Deb8702D5A6c81913526CF08d,2
0x2ccB1C3e43e1b1D07FB7a33A4EAc90C67F15D123,2
0x08e77c83Af4E773313cD4C8b21eF8B015f9451CC,2
0x79DA6982F7189804175A7F73D4E250bb62C49afF,2
0xA02F6591461d606cfFB8F892abfc7643fAB402C8,2
0x7E2545b0F750912080e6021602D80c71A31f3045,2
0x2Da46862815814e1191B46388Bd5FC904D06F5A7,2
0x8A2Bdee78910131DB0c8Ae8c62443DaEAa610B52,2
0x8EA8645e736c3aA56fDbe52729b033D5276C7b20,2
0x276ad0ea68d9c596c5996edD1c38E5A1E8D61AAb,2
0x496e1178Cd47cC1E85086A0D44C20ED9Ad09c24d,2
0xBa6370854B1673F409625b584Ba9A606EB34AFb0,2
0x0dE8a3682AaB4Fbc900b4F137d8b81e1C8B8f986,2
0x5a4a1b46BFbD18214f84d568Dc8C3a3D39312d3F,2
0xa7d40869EE6A35afCEd2fC72d526E17815EaCa0B,2
0x29FA2de99dE7f6107147654C1Ce357FE98Bdb489,2
0xF082aB478fEcbCbbD28c810aff3408FB8604dbcd,2
0x6e7725C0F3177872c36fcf54C216AeF493aa6579,2
0xa450eD35dd7ef81838431389f0dd1C0e62940343,2
0xb973639e955014a1e62B0061CBE39412df545876,2
0x99b2BC0d0c915D2408d7E1E7136C3d8452f6c4c1,2
0x22381df805f9a3D0DaE957b3C1015b4D8E52DF54,2
0x611D28fa9d56664f07050221b1Fa14b0Cba3dc35,2
0xFebF2766A3A653abc12DC3F6740718ce0CA04137,2
0x159975412d8D344F863E9668AF5a82626DC6cde7,2
0x2d292756F6c4bF9D73476C73c059B95a345d5761,2
0xcd4eD331945084341faB6ec91bAc75C90EA8f7B3,2
0x4a5B5834E1b4A36C6bDA41Dfad4ef0758fdbEa96,2
0x6101b9442b5f3F50906633c9e19Fa1E1a50DbE4c,2
0xbB83d1042589282bBc5a483D7515774092e6BaF6,2
0x0257E32E02589c1e316B2CF9280B23d34f8A59f6,2
0x17E277881C3293C44581729AD3d2864B12F5f304,2
0x7b2Ef1E0a28bEb959E8E8636EB2C294AE3DBD6dB,2
0x75c3f8FA4F083d82d7466EE81C6442CD3bC0d7E3,2
0xefe436A12401d7a888c183D7A0c66D0D663a28D2,2
0xc9652aeFE09E95Aa241fd9859830c608c69708b1,2
0x976eE7D7c923ee68dd3586079fD3aA179ba49295,2
0x111bC1F3803fAae5971B4ACF7E957335d04E8485,2
0x4206835A3e8E501DAD961a8dB015AC7b143452Cc,2
0x31EC3f42E3ce2a2B248A5dc94E73e4E231C085Fb,2
0xa7A9f9ed384eB25A1B69e19F75A318B301FAbd93,2
0x5C62be7E24d6eBCfd4609C634e5fDf672Ee932d3,2
0xECb58a684fcb5F6d1664da379181349D11FC89F0,2
0xd711595973D968517299aB34051cFb260f036E3A,2
0xBA38d2BA81Bd9dF855317bf741ec9f68da7545D7,2
0xd32D14bFb2C68055D30aBbB346A3bE5978d447C8,2
0xc1504F3C155b636f46104F9f04436eb0e5957a22,2
0x6d10781FF5082585663038865A4cdc2F9e0AB42c,2
0x8Ef7c81ED7E4F13357FE90d7c0605df48a07aa42,2
0x26b9f41b6101E71567DB80afce575e65EF440067,2
0x040406d76dF3fEf6338B349683e9F03C2e19E200,2
0x29bfd12D6d72847733E85D4034AD177E48EAe3b7,2
0xDe478caD73c2412496D7A0b5EA722cE67731c337,2
0x6E316Eeb8c5C642D8140Fe0B09A53152eBf4eD61,2
0xa3DBDF23dc2F0713C04B154BE36dcF4C21A7A017,2
0xE372653576AF1d12f667140Be0a6FA6edD43544e,2
0xE326e14CAb6875E935cE88590b3E0687d42A912c,2
0xe4759aFb896c7cD798A831e4dC179C08A9C904D0,2
0xd2d332C2514f850F327aEaBf23BB3224B592Ceb9,2
0xFD0239D3f3c769e6577250Cd684EF039b0b7b583,2
0x21dcbBC007FC0a3bE954c33a5d3E80bF81100ACD,2
0x0490ffcf2D385135b7040470e4e60aD4D8497896,2
0x6ED2EcE140c3b50F16276633C13563c658f55984,2
0x299aD429bf87E022E67040eb2CCe17E35F3D2c20,2
0x1dACecDC66519842eDDa8f468211FFEB71293b6E,2
0xF601E7DA18102901678Dc7492A69c868551e02D6,2
0xA41F3491c766B19D2061B059bd57d0Af6ba17f42,2
0xeb3F53253413Aa04a9ec1e437eaF43AD5F03A869,2
0x975C9e3D68F8d15133Da686AF96A9eBe458B50aa,2
0x62aC22707676a5C60B79f71D75096cC3Dc2B608C,2
0x430113ad712BbB9539f4Af022E499D136335566B,2
0xb27B0a626Fee11fa8d887606730d2CB44e39B25C,2
0x647e13D498BdaCCD16d8df91e85856A49D7825cc,2
0x735Da9f8861662F3c61cBbDe32d6CcE564b9Bd29,2
0x2C4CFfB2Ef298962cA84e0edd1f0734F3927a062,2
0x33C48b46dBAbC4Db2cea44F04CD7B182348ff184,2
0x370b2b4d5C2f143Cb31f14Fb2Ecf863dC64d15FA,2
0x23Ca462c4293C26938Ffd2D0a272C8A699D577cf,2
0x43B6F61072237B90627aeC9Ebaab2D04f356A109,2
0x8049D07F7107E77b899FDEC585f25d2D67938775,2
0xBbEc8aA2CAC43a261f14226476876729dbf23fD1,2
0x612387436C82ac9C2f0EB5836Dcb59f8160F57d3,2
0xD5A866f14AB33e18A007B9D83FBc044a3Cc405a3,2
0xeb449F92Ac253C014B90DF9035fa4dBbAA7Eea23,2
0x63cA416Ef358274AcDa335F2B105723dC730eF34,2
0x685A38c974D56c55A6BC1A012EC8Cb0f0c16B3dd,2
0x0267bd8Df11bb04b61ACdB41d9C0eA5D02961550,2
0xab7663DB0c43db6430dAaF847cefb5E3F9286F72,2
0x43296A597fa09c40aad810550ad98ab2b440e6C9,2
0x28DFC9b32777ebc46D09d5D64d3Fa625C0819783,2
0xE332ebd4758bEA98752e9F9D4C8C3b884975cE89,2
0x29db4a27A7cA76c8bBa3703D47Da0E6C9bC2476f,2
0xd8358AD08988aa1d87363836320f39fe6b652A73,2
0xfC09b0af018d563D34721186ba13da34974cf647,2
0x84CBF3F18468023943F7649Fd538e487fb2F9eE9,2
0x39196D257e40607daedA167F3aa2709F93a79d92,2
0x37625A4dB0a4251161bD93D147497db0287e20a9,2
0xD38977Cd7d46F543D7CD8ccCeabCe7B2857fc74a,2
0xE0E7986De5fCEE4159F47A95407572C6b79c448A,2
0x95687Fb6E14277244F3546f5677D0B6BDA06A2A3,2
0x0a5912C394A8144eB88961bBB3E64245C361Cf23,2
0x74a59866c660d53a88a3eF3235A998e68105a50d,2
0xF35cf83eD653aa4EA51AF24CFa79A650546290b4,2
0xB666a2AB431AF9350640F26f543f68d89A889244,2
0x743E6DC801c761cbCe57792974329119bCF1C8A1,2
0x917B8bA8dE26d57d519F6C36b4D2298E43c056cf,2
0xF1Dcc044a2F02EAC0f86b2DEC6d38F19B3334376,2
0xeD51c02D9bBa069155Fca8D248dA5108d9BBFDa1,2
0x4592983efAEFD5A8665E0C4560fDa8291Caf8448,2
0xEcaC22139c952E4eC6A63cD3f516C248eD631c42,2
0xB594B37eF1DAF29D415986b0BDec58eA615A4324,2
0xa71a39b3059A8a7AA47c101de5174B4913495b69,2
0x4044f7d2978A4AF1671c0C0b71151C5680A09F9b,2
0x70fE4FeAbC2cd59c317FED1FD93A1Ba58E58bF63,2
0xf9d5fa4Bde4BB67a058D91D3B755097525390496,2
0x7254003c626fF53378c2F9dB2b6376bAc8327aB0,2
0x2A0DfB0b5c40021d996df3bfFaB3Da1Ac880f673,2
0x672dE1ac6e2ed32941B3620111dCe5B245faafb2,2
0xfA95e3f510931A1Ed5fb578306d0B974c207637b,2
0x5844CDDEe6D65143D313d360C30D7399188397eE,2
0x0630405Fdca7056Dd4EF5071854E1fE229256e5a,2
0x9F5a5F6503ef571E7141EF71E92C21818a607e02,2
0x75146A5D0356831Da91ed64413c0584BB0bE4483,2
0x632291AB8299AC87ff9BF33d3f5849058a9c04D6,2
0x373fB2A0AB4Fc8F1489B7e3C6916Fd7C6Cb0311B,2
0xB1A5848cfd9eaaA0F12b40A0bbc02b4B4bf475c2,2
0x62DAfdebcB02502Ec0b997eFd2Ed781dA272cA39,2
0xca19896f59b37e8450BFA4003F5333bEcCdc53DB,2
0x2610257CeCC2D086070371b585cC8f868030A398,2
0x9E7Adfd922A524f93Dda7795582094a6C670B0e5,2
0x5862e0EBef1Cb1fcc7Ce2e698315Bb32dA724CF2,2
0x78F747Df8BF02A58061f3EDa4226b7dc34969eE8,2
0x69D9CE931E91afEb4aD0a80E990f7C1e94cdC6b3,2
0xCD6909a2c301d9536802BfBfa4b0d50FD1f6e2dA,2
0x3C581BeCd06a4bAdd1a764c57074803F85261A97,2
0xde45613bF8CDD01D39a176B404D0E3e8Ab3cf4F3,2
0x6a9816fa8B686DC6609082AEd75C9682916cFe62,2
0x2070F69528609eB28fe0225eC21433394a4fd4c1,2
0x9039d34930c817d809463c8FF83C9c3524F52035,2
0x73437Ae4015f506c46fa062F2484a0f4ea930fc4,2
0x7303847b94CB75ab20A10CEb47CA8D2DC796612C,2
0x1b5ae8CE9a58CD259f1E458Fc11b737b965c64AA,2
0x4138ad0Cf563353BcA0328b7C5d0777f7C4F80ae,2
0x1fAf6E38590D120627b9b9c504401CC1A849C538,2
0x733d0CF5Cf26bcf3694aeCeC3dd5015F6D12b1Bf,2
0xBA1d2CE7456fd7b9244E856C94E615043E2a5039,2
0x8c9cD254c5280dB621bBB73860A064cF08fF039E,2
0xAe6feB1e89ccfB434644B4a6dbE337C1DaA7891e,2
0x107B6CF46319250fbc5f8Db04eeE31a2e2d8150f,2
0xe320C0A425155b8b34aF0b5861023799b400d565,2
0xFd68574B6Da65B671183f655365bB3Ae98E7372f,2
0xa1A3af3b8958f524f1De85d7F936cc16F13849ed,2
0xE06dd43Fcd1f29AAa3Cd120171006D6285B6BedF,2
0x114B658eBd5247C462b57Cc746ac6C35771e040E,2
0x76f90df9479E0A760880b69E81B819ddef29eb15,2
0x8e206a66D3a059F59A3438F6A43842C213100206,2
0xbf32fa7a4499AC68aFAB556bA7A0658Ca8696467,2
0x130b1E281086e81d847aE9E415050776379628C4,2
0x4D14bF4f858429c40bbBd384BEb7b981867f3463,2
0xF9ccFa45c2abeD0F651c958751e59191594CaB70,2
0x6c98BDb83FC12924a03a0F10b8bCDbBD731D0D9c,2
0xc401Ea66E6B12dD55C2805A4CEC2B793f6455c8D,2
0x9B936970De6c02B948B263307C1202c363569924,2
0x9a3A654aE9A916f85244a738467b83DeDF376180,2
0x0241D682e890A371c0dCC892ab3978BDCbAB9F02,2
0x4b0eD870c4A9681d76DDbc6EE922216126607cAd,2
0xA7fa003Ce967bE0C83Db4C4B0Da46F502a8384B8,2
0x6539EA4f969943fE26E610D8cC9277C8cc0772EC,1
0x72821542094dB0057EA0a0d564dD0c42d8260ab0,1
0xaEBCc707edac413af8782c5bB1A29A6B2d904719,1
0xC769308e31888B47761229377977d9AC1e150680,1
0x75ba4E5D93BEF6Eda6fAB09752Ddb659d8668070,1
0xF5d48dC3EB1c2DBad61e4505e9B36469B9105De6,1
0x3dBD530e3f75FdEC00e013e26bbf95eD40b7e5c2,1
0xba958B87d9087bBD7b9ff32b15DA934eB4F1c52f,1
0xDFF6421DD0ED32EA9553B0037f0332410B412882,1
0x5F640272AAc2669c84b82a32D1aC3eE738CcB60F,1
0x0241dfB8165Dac08d3F78cb931cf46D110f16733,1
0x79E0170Fd92339F7A07689484f835BCB80B83Fe1,1
0xaFa0aDb782345AAA73d9341F6b5C0Da0afcedeC6,1
0xDBB8254eD9D90D92810F674aDF5aB683fc89D3E0,1
0x00AA4aB6FE002A58EC8E576b1827eCb9cf524c71,1
0xE51528CFC93caCf2d22c145425a91173b24F5642,1
0xDa73455f7339C2C321F5b7904cf8c029Aa604bD9,1
0x990969af978eC30774Afa1B5C00492eFB85d130c,1
0x98666A8744DBAcB546FF36Ce1d2e444CDC149e9c,1
0x275c838990c5c74ea5aBc331199D42121A3e648a,1
0x1cC972Ff969689873f8010bDD0Cf3dC30618397E,1
0x2D4fC4b2Bff8e300f74C28fdBa80fC68875b25e4,1
0x00255c82f6aF614E56f73b74F3F16A5eBEC1Fb0D,1
0xfe309010A28e20A982d248A6Eef4a3408Cc731c4,1
0xbe37e0aA84BbcA314CA362EC421468B5Dc706D34,1
0xe1679C04371A0341b08347EdE683D0377997c468,1
0x6435418512aB3E9cAe8258dBe0C7fde4b6b07C15,1
0xE250c7540ffC0fE802A3cd1ba907addE9D410051,1
0xa4A6535ec7E3a7a9B8C9F4900CBb9bCBEd41F2ce,1
0x47b3fFA231e9516eFD48EFdfce3E9163C767C857,1
0xFB27F35D4A27A80652Dcb0e0964173832abBF42A,1
0xfd4497E5ba0565C88c5e2f8F51BF49fCb632B500,1
0xDe30181bEbd88f7B32FD2AB4F57E4C557e675E8b,1
0x997aF8813f55AeBb84cCd6F7E34CE6E8208138bA,1
0xCFA188662925fA90E364494b26a61a35caAE077e,1
0xa539AF7fbF093AEA2d90B3eE8df2e9b4548a0452,1
0x7346a061b772E8872F33c52Df09a93Fc34F0f5a0,1
0x478Fa811218872230677FAFe06BA5514dF5D0dF0,1
0x66ABe26775Cb7Dc56354BA1791eA64D79e7A57C4,1
0x9DF3223002fFBE2123D9749087554C99C608Ab35,1
0x1774CB4DCc4A6077c2326D73A82a15C98F20CFfB,1
0xb668382cF44038a3E8140E789060F6A809787CDa,1
0x6105792Be7AeF00bd26EC6207db56D174E445fEc,1
0xbe2ed406c4e1622cC5679d51570DbCdc7b0ca54d,1
0x212c03435502537a959D78077a9792D54101Ff53,1
0xc24C9C58afFc5bf3273139314f717df762d1C6CA,1
0x242c9fc3162321d326892cFE044fc0D9FFc3e9b0,1
0x88021218706B4f13628d80762caa0faC1639D3bE,1
0x42C4f161062c22408F2C6fD38211de3059Bcbe8A,1
0x3A3795E1759218640fB3684F358aCb50b4d670B6,1
0x35acFD51480813A91e896d7bd800e4f53880403a,1
0x6f505dE5aA9C26E72A6E5a0017214dFa6C092536,1
0x4bD814b519eC6D4daB314C195560cFa6666585b2,1
0x658D2CB76D7e5Fe3da262Fe65Aaa783a85A46dFb,1
0xa2c354AAe4b4Cc7A90799f352c6cec9A757193e3,1
0x1B83041deE7c13e27d81ad5C409FE04159681127,1
0x9EdceFf0218A87226E28381491F7DFA6775538fa,1
0xeDd19012890fb3637991ee92c9ff2fdF9a647fED,1
0x1AA780bB10425b86BCf05Ecbb7953F9A93729ed9,1
0x8158756bA67140dD8cb4466b738c55015DED5318,1
0x6365CEDE37c535b88dA3bC0639f00335f313A65D,1
0x3315EE3191c2822A2C7778C30659fB9Dec5Df545,1
0x5717856A431fCAB27198B18aDCB0215E44F85583,1
0x0c4fc4cd0d1F1Abc75EFF6C8133271fAd5bB3B7E,1
0x92fd427178175BF7Af3681657102023Cb7E2A934,1
0xA4B6Da5140C6e43f5A1324600CDe7c4dD7a5C1e4,1
0x4ae1CA9bD2Cc1bE18d37110A1D2cfF4C58BE70E8,1
0xaA8B2B85bF30f65c2c8Fc1c61deF994afE3fcDda,1
0xba58A25CF9c288fFe713Fb400166Af882bc94F96,1
0xd546b863751e4A4765DD03b275Cba3DC7727D854,1
0x45254AD1e42A839aaB6b14B63dfb1f2D8F080D5c,1
0x8bB4cFC7ca88ecc56C656174417A875a146eeea0,1
0xEc7Fd42908a91c1810958DD6D3E85254a521dFeD,1
0xFAE4e6e1DE30E9bd9D57C9d8ceC4D0Db7F924827,1
0xD10173fDEeC044a358A2FBD6D2268272983A4002,1
0xea4f3aAd7c0dEDA9B6f34AA186D2D3E4a1F532f1,1
0x1B0D7e5B43cAF3d5418d6512078B846C881fEcFa,1
0x67cE5A25502C558a7B8ab19E23ae0A5B3385b737,1
0x9F691d1c018d55De6d8fB4dB996eAA5d60E97ba7,1
0x72D2c660931026acAB9D9bFC2e301f5A5754fCF0,1
0xe009DC13EF92CEC55b8b9046B446615113C8eA24,1
0xB31c067a3610E666C7AB2F82510d1f497BaFAAfD,1
0xb92e84947950e54e1b0552344cf513078A746d34,1
0xc72d7Bf28a23f9Ba270b37224456E7194A8Db6F0,1
0xf2729371cCCe139bd28619c3AFc49E969c75C499,1
0xCEF3229d001294EB6c47aEcEdce44830332A2a13,1
0xA38ab2a06C0a668DF9724eCAF7f6e39dF1D6eF66,1
0xfBA9443BD0c867F3b2A681D7c495D900d414FdEC,1
0x74A1b3AC0161adBC642E3AA05F2e7bb44EA52bb5,1
0x07ECAE01B354e7fbc3158b5fd2ACf894CE6B44f7,1
0x8BFc8CD3a30a1B531DD8306ac893Ec89F5E920bd,1
0x39F8c1F090e6739966e01A4d2fC210b110c9Bf8E,1
0x2148F74529B88c93B500b3293CE2c971EF4a80b0,1
0xeAF082d509C12cE164C4b09f7047b0f72Ab0831f,1
0x16B83c6346AF6e876586683B15B9EbcE3A2032Ec,1
0x51bfB1263d36Ce0794E346c2DA4D056675f78C19,1
0x5D2c95Fc6C9A4b7f34b555E6dd5bE2c6E4150Cd5,1
0x4D4B2Bc7582B9839F6E6B543589f2B3ed6E85E45,1
0x53C0b29426814aaCE4a26D61BE63c4AfE7f748d5,1
0x5E15Bff721b3118536414EF548f981F104B24F34,1
0xF4549289EA03808AFB064fa36478c100f7D6cdC2,1
0x8E8F245735C7726a58D4c0282a36474f86878333,1
0x853E7d25266314e59c7735Cb865d9E1c2Eef86D2,1
0xdccf70D069d93E1aA5cC42AE4FC205c9d77d9E4a,1
0x2Fb5933955f0292e20B5dB15eAeB67C35D246482,1
0xbAB0cfbe3104d7862F37FCAdc6cE4bc1bB6ACfAb,1
0x89739202aaF620e4041375A8569E908D0Bc635Eb,1
0x96A00c1aA38D7b39d5B0d30B5c9BD525Cd70A639,1
0xC1b4efe21d738603baF553DdE0678D148af366bD,1
0x7BFEe91193d9Df2Ac0bFe90191D40F23c773C060,1
0x64343528038ea7ce26F049d5438508A6de530E29,1
0x40B75f1931f0b55ccd3B4ea65984bc236B2e6948,1
0xf478F82889986937bf446F53d6b6a4C54163f90c,1
0x219b9686B77bF6BF4E584670359189607b34c0af,1
0x66c298EA88708Cd5F136080027f8d1fC4504879a,1
0x4166d81fd75b09098C008a61dd1D2800503794a6,1
0x8DB1d5551520A25100171a86Df8ACD40B270a2d4,1
0x0d5C89d15023b2F6e68CC8d383Ab43D6538089b7,1
0xA2274adCA3bB9EB790aBE74dCc6A6593126f071C,1
0x98f7fB7F232bd6e02FF9E34e73A1dA649caf3Ba2,1
0x867dc97D982bFBD70afbabF0B0485fB19d9375b8,1
0x990B86889D561dC15baF5CBe0670Cc2F13396D28,1
0x93DceCe15d7E6b86daF3b660a6d35A3B06e8A637,1
0x2FF9CF4cd0249Ef519F5A84F9A874bD1DFE6EcBa,1
0x6A864208b31d24d1c34061a1083De6F5146D137E,1
0xfd75474FEcb0181c863eF8C22e400Bf0f5ba3bC6,1
0x71F9CCd68bf1f5F9b571f509E0765A04ca4fFad2,1
0xfBE0f8947f769dDDE8E1A8977A062A6FAd444331,1
0x3ffd797746452A2558cf8278aC11678B18870CAc,1
0xe8E8664eDe06221Cd4f5963434fA8E022300bb7B,1
0x38dD3F2cE8D6A9AC32e01604b231A05bC48A0BDb,1
0xB0EA5f78e303B1c155c505967a7237b95484464D,1
0x210ca49C95E2f1B50A03b39d22e561cd1Bcfa682,1
0x5BAA54bd0D0a9e9C08ad3F3117FEb2aE71e508a3,1
0x7A71151f2D40DA8a36D68f34630633fB478f051C,1
0xEC3B14e730EBF78b82C661AB177e7cE430B8255d,1
0xBB7e77b365721faE8e247B77E41D9703A2fB3E02,1
0xAd71Ad65d9a7E238F5d6145c92E2eEB00b6C3b1b,1
0x12BE0D94B4Ac654970723e58b50AA06d4F5BA247,1
0x9483975080fE10b42b67eCB3Bc7deeb9B51ac93e,1
0x0C37f1FC90BF56387B59615508bbd975D448856F,1
0x498C39F650b65002f91ABe5Fe4d6D530a40ff20F,1
0xC41A84d016b1391Fa0F4048D37d3131988412360,1
0xC1033ebDBf17E1A350D18196035C26090eAAC708,1
0xD387A6E4e84a6C86bd90C158C6028A58CC8Ac459,1
0x70Ed21e7dC1752b1d06E5b5863F3A2f666da0BD2,1
0xD7DAcDC6F681Ce558c1F5b31475793521041C112,1
0x2371C725f3CD0b576b4a4c6551FC8e6A865c14B5,1
0xBE59429dE73895e9736429f5249b058a3b85BF3e,1
0xeaF98748b0c6BF0077a8faBc102BBfA490F6604B,1
0x8AD272Ac86c6C88683d9a60eb8ED57E6C304bB0C,1
0x769Dc23965ec761aE11232f26C0F86034f3333f1,1
0x55e1d60c15174e9E06D7E125169933fEAce1dE46,1
0x58D00441023D55E1ad1B32aa86Dedc2ef7D90Dc9,1
0x649Ff45A74d3FfB86A31fcD1E9c88F46E8BB38a0,1
0x8F3C6aaB1f3b29f61Bf860cB766ce0F6f2477935,1
0x6E2f6512391f7c9Ac57E38e9d08A9A3e1fc6b7eb,1
0xa64Cde11df892BD2705f1A230acc5D2Bd6ada8A0,1
0x169f3B21e9efb563D55F3a0572BBFD7E28139389,1
0xF9b6469fac02664B0E16E40B1c3CE404c7F50077,1
0x7C00c9F0E7AeD440c0C730a9bD9Ee4F49de20D5C,1
0x9b37BC499De5e675063695211618F3Cd64A1B9Fc,1
0xD89B835e9064D5f623F720bA368232D3C0a42886,1
0x064980edD7D43AbEE781f49A4e31C06Df05EcccB,1
0x4c9F7207be28278b9DCA129f2e211AcfFf48Fb01,1
0x12F37431468eb75c2a825e2Cf8Fde773aD94c8EA,1
0x913105f2d2BFb8392F7845EF79E0C2C62f2755dF,1
0xb96E9F8bD3B161d6F6Dd7bC77eD17D977A6c61A7,1
0x1531b8c20CDBd1463C8935cB32F1935cdB5cc255,1
0x142381d32451f24b02809503E7b39bE1769d17Da,1
0x618A3a2c8a79A49161345321a793a035615659AB,1
0xE4D7EE76539886CF5f919A91FA48e867D6C98a51,1
0x3ef8A3CfB11bCC8911fC8124554C8F18a453f2D4,1
0x39308E4c94226Ae9Ee63DCcbBE1f1966BB6Bf90C,1
0x167B3ce093C21C1907C0151EF3fe80c8e6Ad8EcC,1
0x80F419788E1d4C8DE800acE74c4CF8b88217F29d,1
0x608f099E29C2C3aC0a612593823D0fF82f156256,1
0x1ad63Ff36B964C44fE73e68ca5a007e998D6b502,1
0x0CF669Fc92960FB55666dd6E8002643dcF145d5B,1
0xA7B5cA022774BD02842932e4358DDCbea0CCaADe,1
0xb200663fbEAE3C28D898453Fb4Fd9898cF0Bcbd8,1
0x7DECf7a31168778f311c57B9a948aBaa7321001E,1
0x280724cBd41c0940CE4b40e82b4DAF3CCe1ea325,1
0x117666Ca1e398f5fAcd20aD95812547d6A294188,1
0xbC60AA031a9f34BD7992c99eaE5e2C4Dd1b5dBc3,1
0xC46Db2d89327D4C41Eb81c43ED5e3dfF111f9A8f,1
0x3619EcCD54132bB19E8c7a743bB127a80E2621dA,1
0x7fFAad8D1DdF3d343fA1d8DCcfB78A1582feB6D0,1
0x696d1265C8Fc4F14797aBEBFAe3C43EBFA9D8e28,1
0xD03315495AeEa1C74e4FD331B7E5D6993AF412d1,1
0xe8c4170F68518c3b6BC3c6c9b33A071beA44E569,1
0x61309E52349F09b0E249859b718B7e44c1F1b487,1
0x2f22D80612485851a5c182CcE59CD482eb3263e9,1
0xf0D6999725115E3EAd3D927Eb3329D63AFAEC09b,1
0x1d6C15DdEFD93bF173b2185957AEcc27285063c8,1
0x481b1E34fc679b94E78571dE1369D8EBE4bacDBF,1
0x3b0630a286102276E05181A25fFd1D0e23a39062,1
0xba9B37D07146B0Ba9dF705a97cfE6710f8d11729,1
0x250DC85178fB6859e9eE02c925d46AAb946a55E7,1
0x8C9dDEF9e4252E5Aca2114Ec783e87313dc8b337,1
0x3DA406dd5A2C8201658d0fe66D3b46aB4A0a9c7B,1
0x0871deb34BFd2052b1c10dC4f6c0912A2A47e927,1
0x6b53C8B46C1728e39F541099473f6EdF9576Ac90,1
0x15b74c81e56e5BF052B76B53B5a948339DE40D39,1
0xb67d58CfFaE63A95fB380b952E65B1A8eac44D0b,1
0x51200AA490F8DF9EBdC9671cF8C8F8A12c089fDa,1
0x005CA423E0a2DFbbc36ed41683696C6CcF4Bc4bD,1
0x976DD1029665b3073694BEC09CD00558d0e82C31,1
0x504Ca8A96C4F5134b288804e8270f1528Bc5Fc1c,1
0x8ACFe17a5Fe62966A27E579e28c10e936de614f2,1
0x591F8a2deCC1c86cce0c7Bea22Fa921c2c72fb95,1
0x29d124D5b9434a56CeC9257B9617F2b43Fffcc60,1
0xe37501ECa5D23B5817E0156590767b6f9B4C84BD,1
0xCfb92f65BF6bDFeC0700DA2370E5459c99c0c564,1
0xCD211569a108FdAc74d729ba7358a743a3c2e08d,1
0x01859354D54a0bd7Ea6234Cd46163a926e74C641,1
0x07bfeB5488ad97aA3920cf241E59d2A817054eA3,1
0xbE4EbA417999C7269c6D631eaEf82Ad3f2bCdd9e,1
0x782C93e1C530a283Ef738A58b5671A8fC2D8153f,1
0x11E89e20716eC67EaD15b832FaE0F1bCe439E0de,1
0x213594D974427E8C1BF4F4F557b7b6F4987c50C5,1
0x919D0d939802b9EF2c667323ACa45428c795d983,1
0x1ed3bcF7D46233b2Cf8246ebE9516A1a6A7D2C75,1
0xb8bc5773EB858d5341e1F0e93261ee2Aed553Ace,1
0x0190053e830E9041e679D95974d8A712A264e88e,1
0x2B65F85E81Eec21EDa840B8f9c4FD657F917B092,1
0xFc7af206E1a69F7886fB47fF8e1287fFf4406D03,1
0xD9888D4FeB074aFD59a7bf1bf2E42C10c13A6C53,1
0xfbA2C2bBF977eDA19Ad819Bb46787F4C91d1fFaD,1
0xeb83E695adCac2e83f290d2d2815FC58e6491d7A,1
0xa81725Fae8bB3930a95deBb0aDeaA184B5E9Cc10,1
0x764aBE778aa96Cd04972444a8E1DB83dF13f7E66,1
0x7d00D8579549FCBe8a3296342042a178408F82F7,1
0xdAc6e51927c1260bB975C3150a8fAc330d0ab875,1
0xd4Af804b5fc981c889E7b7c3af0E8D8aC2e2630D,1
0x7c47C327Be89dAeb8B94881E72d8AD14824e29B8,1
0x85022EF5a75A1e7a2B7845925Cb178D9BEa92420,1
0xF9a567638D25d56b7dBFecDEd5b3301C12168AD3,1
0x78d799E16Ca7378d8bD1D1b94fd638fcbe7e7684,1
0xc659fd78a395d70EC69Ff034b4378A712e7edB64,1
0x2dE986a374CbA9d56F062c4106063455779676fC,1
0x3E032018dFC3726f716c475d41fA7f047eaF3d0A,1
0x2a00F63Af45627fF351549106eA735Bd973Aa86E,1
0x243b29f84108DCA3Da04D3CFdd0DA9a5f9aF940d,1
0x0f2e136Ff215a05a65DD5E8765C7dd49Dbb19517,1
0x4f764a08c66251e13bdd85B4Bb0652B739736328,1
0x2825CDb4A71AC7942DA889f1ff72d536a8209343,1
0x2f7a79242e38EeE8F51e8769d54e547852064e09,1
0x92E3e476a6a70558d3637c0A0019831f2D385cf3,1
0xB08802cdFa22364B036b02E0Ffb25A9E415fbB31,1
0x2e6eF0B031E3fD4645B5bdb5CbA9DdF8005583d9,1
0x983e3C310484C41966a373C25fCb9DDd7f76c3e8,1
0xC54F441A33a5FE71eB90f39c150eaFf48d57E09E,1
0x27760da3eD48322B99764aA3eab94830CEAe2b08,1
0x137d9174D3bd00F2153DcC0Fe7AF712d3876a71E,1
0x8346d0DbDBfa393fDe4652194B3f8715Cc51F665,1
0x5a4AC9DF62415f073e984DB58Dfe21e14EB8903F,1
0x715a94b2C9CC99AFEcA4a869ec56F852AFBdA964,1
0x4F3F5083BDa2C7341c1846CFD8ED0Bfb4d3BA63e,1
0xeBf6B0866Ac124f39647a6FB1A74E5eAb3645aa0,1
0x01e2Db782eEE4d164217129922446786d73cD4C1,1
0x5Ed35A54d2CfeB531c9070ed4dFc27C305344aDA,1
0x835d664C144a455F31460322a0b3f85A07925A77,1
0x0B5dD26f44D36141d97A3bF6841e7bA63C092AF9,1
0x5280537847c00723a2E710349390bFF199661Cd3,1
0xA4Adc8AbE09cf3c06f353576c2E9886eef815ebE,1
0x43C25871C14A71d450E12C5245b80F0F01De7aff,1
0x48D895F3CB1F021c2034297bedDc0016A59E71bA,1
0x61F72FE1e4FF809A2ecA0b191C608599A192E1a1,1
0x5f08F3e687D907b976e1E24435b093d577982c74,1
0x7DaadA4017CA32AE21a96210622584445e12667b,1
0x1551fe0Ab17Ba17bc937c9815C1b31264FedAAD1,1
0x040c2f28Bb772287fEE69d033ed4459c08C1113B,1
0xF9A897E1BFbEC234c5814e1A1ef29005b5B43232,1
0xB066a5b94C4D1C7C06610d1628375E5E4b265DE5,1
0x1592221ff5c0397a563d58D7F3E6c95dd444b2CD,1
0x078C1a795E56674cE3E0cDef5BbA886C616B4927,1
0x4dfeBb21D855115d4019819393e514977E490E5d,1
0xFaaaF679cF57DAb328EC281e7e821d7A34bd559a,1
0x30A26c2837e9Ad41Ea5955949F00402DbF86f124,1
0xa13979601D22BEEB61738d6A77D0a0F8EDc08066,1
0x71CC24ac62aB7d6E307EEa1BC05B85706D7d2E15,1
0x78cd70A6C31118a643B5E0dAA7cFdC7108dEE466,1
0x0433410Beb7919A9989f7261a1Ce4275c53334B6,1
0x1fbE7b6152843F072daaec35DB10C28BEc8a6dCC,1
0x9935342209f548A2abE40E7815c7c6b386F06eeb,1
0xE3446CD6a2cC43f68A77944a2A51265196Cf8303,1
0xF245b710f00a1106Df9c129Bc0352680B1b1D988,1
0xa0d277497e879fFC036A1f2a91944BE47856c7cF,1
0x9516E80ba79b97D5085eA4553Df9E35022B1a656,1
0x7da7186e67195e38B8f4D3003751410103374784,1
0x4FFF53a2687C5982fa728e80bfaDd446b30551E0,1
0xBea53150BA97F4A0ED0aa50e0e8c97453Cf8cd93,1
0xe7860c5b9F09e2cF760d16b50cf6675b44c1B73e,1
0x60CED65A51922C9560d72631F658Db0df85BFf1f,1
0xf54240a1b611035d5d9fdbA917678cD240700518,1
0x20335C504A4f0D8Db934e9f77a67b55E6AE8e1e1,1
0x70816868540239a615E1294DD9c7bce58ec92696,1
0x5958F30c5293d56a9ae9F7Aa2bF846a88f95AFD0,1
0x1D3E52C1217458697291A6839C8aA3669F60239E,1
0x694015a29D2Ff0cC88266Da405Ab5202a18eB621,1
0x4746d819A6776Ccc0DCdF7021908C490034891B0,1
0xD86DF99e5e36F06e8A52252D3299e648C3D8ffe4,1
0x2e92258A8947A7b762778101b488B0c4F739fe34,1
0x04Cba99bf19958470d03BE77Fd1936C1AC73784D,1
0x88aB54f26C99f91DD6027147B0B0a67742f22248,1
0xE3f27DEFf96fe178e87559F36Cbf868B9E75967D,1
0x584331DCA2CE3E98dDC4c1aE0eF4b8AC1C5770A7,1
0xD701C7610Cc38c3B434F5AcdD922a5B6Bc2B6c5E,1
0x0957689E8a8f05aD3e0E870b81088f1d90A51CE5,1
0xEB197B76F320c854bC18DBF62bD33A28663abEee,1
0x04d8a6118c698AA3b8Db3CDb71f36E44FeA6Af4C,1
0x82F885F1aDCA2175C7F62DcB85dB83289C03F69C,1
0x6A3e11Eb1a49dB4503a2546f9046C6f62d51C513,1
0x24C3268f8e42c961074A88473Ff07d87040f3fb1,1
0xa9A4a3a03514e58CD59A13Bb54230d588Ff58F62,1
0xF703FD64093B50797aBDc9E450632240FA2bA5D4,1
0xD37e4aAA88Eed29dCcEA86590034C1b9F7Fd35AC,1
0xe085327c5AD2F77147F10973Fed45Fb19d734F7e,1
0xc754a67A5B6C8f0eFECb6eA744459e348B2c2698,1
0x024AEF1375c1701693b2a0c8e8AD7BaDf0dCe493,1
0x6dF382c91387F616168B16B45b55df7FB19F51cA,1
0x9B5aC6c7670515974C726A7e3e5Ca3E439937405,1
0xa44F1C3454d7B0b0cc38F26015537b111F6be568,1
0x2040A73be37E54cbEB3CD3c83Aa2703d7eD7C373,1
0x9C9A149a20f37F2403CfDcC91C61d0e92bC770aB,1
0x68383ecb301563dec6a2b58C18e2252EEEf4C952,1
0x00FB2499403aFeCcd48F0Fb29Da41CdE8c113D4B,1
0xFEc4213278555d692679C918423816fa99Bb74A8,1
0xe895F4d37Da4A5e31E507B2420C3281eCBF9F3f9,1
0x5f6679226356A626bF8415f87f4dC089670679CE,1
0x361138f69B89b91b999d49aAEfA3D8D4D28446ac,1
0xF86a7c853B60C36f79F6E1dE0E7868d109E97004,1
0x1BfcFdE0b5F0916bc6d8274e882C0dCA3bc30959,1
0x2cae0Ac9a7A7048516868AAd672C49AB632B38c8,1
0xeB4c5c24468C3e666D01257B76A73326411b7928,1
0x4ee8FD730386DbcdE705181EB10eFc1dB544d37F,1
0xD8470Caeb17e68534EcdD82Ebb567DdfD90ad680,1
0x28b0Ec2Af8d6d30E02888B543652365180C6B3c9,1
0x9DbC5E35a2f1A6dC214Bdb7ed7a8c706D77f0A74,1
0x4F33D206eAEccC0674158bCbCf44711B9454d7aC,1
0x4109266acaC7Bc28c754884920b059E016DDAf41,1
0x0BC2aAEdDb5Fa37fdC397D4c00ef3a642C781724,1
0x60282772aB3E7F9e71B6eaBd698Ce4de82a18776,1
0x5C7cf5A5DF5ca98e435e66fB0FC04A9bA883A8C4,1
0x6165536Dd77141D095e10fE7477D5503e0a93467,1
0x55E05E75d1f78DB464D94823FF2D2EDd10C45673,1
0xDf36B093cBc06522b68105c3d9141Db188e980b6,1
0xa1F75f5c97Ed8B6FDd65Bf3a5d0Ffd6542d2161e,1
0xfe213fb3Ea607FC81171cF78C31EfccE4529a2FF,1
0x66667c4732e450E8CA98b48bf011735BBCa27b25,1
0x0B516Edc029eC08075B7d4E0267f6D5015E2C342,1
0xe1051fdB83569BEA32658Ff95e6B08aFEf372D70,1
0x78136D0DD04DFCdd98D9DebCC6886f10091139f6,1
0x587025f3686195ad6A93eF8C85c37391F1DA72BD,1
0xaa8BDB60eE28E7616Bfe4867f58BfE4EDF858271,1
0x26542d0Bc93A63c141A21956337f18773B237882,1
0xff71512c84096F55cdF5C5f3D3c6AcE99b56feF0,1
0xB7A1C6A5143b2D0EFFf58e6934b5117CB8781253,1
0xd8CaDfD2fBb21916Be26bf24c05e41a826c53849,1
0xc37a4dBcCc856eb109334e5B166eB1606A3d204a,1
0x983F3Fbe0aBd51484da4d5f076e199B5BAe03e13,1
0x9e55958688a76229e4fd2d58D8987708693C2b47,1
0xA3DA7b05bf56a6b090f21B0513316851dDf839A8,1
0xA93399A2965672dD315a1Bd8816Fa94C50Ef4dd5,1
0x595170Ff30508f85F94F1C28261f6e624fA72fC5,1
0xd6542705C322d46AC93feccF9cc40b0794a1af1d,1
0x113941782D3eB0B80a6611A3b1DDFeC16e82bd6e,1
0x7379e6927EBECe670cbA86D31c9efb8CEE11dAed,1
0x1794FD7510B1E3C6a2E193c2C1E6d74ff2C47572,1
0x5f15bDcC69CA38409895d21f23665Eb084ADbE7C,1
0xD4E1A607d3Ba4aC49f8517f8cfE011b5fB57b6f9,1
0xd8222670B20761708d32a6a9B5E2f3a266D9673D,1
0xb2D565f54a802593daaa81Ce8bF4f1f1c372EC9E,1
0xBb94C56aEF6F861e3a467DBD5D7DAcd15BeA9671,1
0xB3ffD0f321AbDE1740F6E13BE273348BAAd24291,1
0x08A9eAD5bD9Af49A1F777A9f15929871ABD684C3,1
0xa1b1A631c0c1dD4899deC7C343Ee59aD21867803,1
0x51ec5e1b8B3C4C6baE49619e657F94C4AD577b45,1
0x92e7d11A1B4A049fBB2b2603b72c6F849281F934,1
0x9b312271b04Ab296335DB6673ce6541D4ca7F79b,1
0x94f7AC034b5Cc173484C2e7D81F93371f093C78b,1
0x1234eC8F7AF6EC6532e9670D757687c42B8ed7bd,1
0x8B8023898585E97DA73eB02A6Af93D52127aAe13,1
0xb0640FA168C77e6c03980D982e3CD7bC2c9B02d0,1
0xC3a46637e09CcF92229d9Be53C73eBcd27f0A5ce,1
0xCc76166796C4960dfF05DA8028d61CD8Bef4dBD9,1
0x8965201466Cfd7A2D412161c623472b6F6A394F8,1
0x512C579153AC6fD961a7d9e7b19281B855AAfbE1,1
0xB3623D62FF30fadB5B2e127C07cab0D1b0808276,1
0x6880F76A5a2382d39E3ED0c6E5746A698B1fc980,1
0xFa6B97b8dA3Bf3606A8537740B12241e38942122,1
0x7A976FAaf9C404c680593b20123039847F083D0E,1
0xd7DAE05143C5101aBc063393Ac5d8ED1Bd000C58,1
0x9a0C3d06241943445933b70ca5d21156050FFF81,1
0x6744Dcb0a2e036529B6052F0Ac2eB487eC9Cd52D,1
0xB868d8db6E91E0B7b60Ece4396bf76CA8CEFb2cb,1
0xc095142c4922a9d9df7775DBF8002B23cdeDfC00,1
0x10a348dDb0ae269eA73d9E01451eecd0a6164A28,1
0x4438EFA18edB0AC72Ce616DA2EEe5f7Ca9F8c7e1,1
0x12A5086483399c739dB06E7f558d6AE5651Af86A,1
0x559697154B4CECBd349949Fbb2d3980d04dF1928,1
0x66F1e97Bf4c7051f2577eEC6709a14DdC90427BE,1
0x4995e09074247886b39a494ABc3376459b38D0BD,1
0x1C9f9AC2a7A3773BB9e2C2FC365c75A412dDee96,1
0x5D082946daddA4Ac0259c4eED8dAc62De97078fa,1
0x4A56A0dDe50e82D82518D0A17A862Dbec7A7d01B,1
0xA16cCdafec729eaC029D167E1064805946c120d4,1
0xb620759e4A6EE9Dcc28B2cC309ec0EF080F6d500,1
0xE19df4B272E6fab50Ab2DF3F210Be551Caa42a88,1
0xFC355661625fe6e0E3a9Ff0aEee3264F02169c56,1
0x043F50a2Cb83EA4764Da42856C1C076D68A26EEd,1
0xe8f2E7beC2dD72D2Fca986293fCd00C9D379A3F1,1
0xA7E851b6BC649270E501C59Fc396c5d9E7830808,1
0x64379977b6f5BCc79537802d2d763a44A3856A22,1
0xe8c6b76E721D99819f376685F686B3C5ba7C4Ca6,1
0x2B133C5Dc4a1FE2Ef68d72adc5AA04e1a01B96a3,1
0x776b743139BC5242a69B9103c492cFF2cCE6A5Ab,1
0x375288975aD242bF77B0AE475aD65486Cd7e26bE,1
0xEc34c720f562Ff3E7E87C444Be3Bf6087e43e6aE,1
0x08Fba82d8197a9b796d59d430DFc9312961202b1,1
0x1A7D9eddF45EA45c3fd71c86a5F7891F5945505D,1
0xe321ecb641Ac85e53a3C94e668027A37d04abA24,1
0x5acd6ebA1A9Fa0eBE1a626b9272CFBf24B0513C4,1
0x087b7a65193668F832Dce7074E211D4a15bA10c6,1
0x46A20E03f47ec67D2c8E73819C12a6b0c4BbD081,1
0x67d5b52f83FAEa566D8E8c15D984398451eca7e7,1
0xA2F17321a32Cd6f37FE49Cc54081086Bc28d0636,1
0xe86FeD7C7Fe6c6D665cf7c56783fBFA3211359fc,1
0x4F644215d4a7AdC33D3ACd1bEB76a808d3e9ae8A,1
0x20C3310dE35783e43B819B57e37ae415b6Ddec51,1
0x517C7e02Eb39e14de1e3c17Ec22D2222aaD1a885,1
0xe09EFa937186C5a91F04D1c43989831FF9E9534A,1
0x1F12d605FfFbDa570EDDbe2Aa78114A8778E54DA,1
0x14331C9441B62A255A5fA8400adF678174C39F99,1
0x9419F15b8789E33006df236B9e6764208A59f787,1
0x6189E956040fE3a4C7453A8A851C26c64f8a59fF,1
0x3080F45e55dA1D4Bd82bbC45805aC7A8696279Eb,1
0xA9afBC41d3C32466dEC39e0b42EF8e3576578E38,1
0xc038F5C6CFdaCdbf16Fc138cD11B21557eE1bC88,1
0x02bF9D9885aB40a40835e137449DB9600f366e6E,1
0x64BFe03502DD1A218Ac9930cF6e9499ae1B42CeD,1
0xF94EEA1D315d32cAE8C0b2d7E95B2cc74b54d509,1
0x5Bd86EFFE963E98463cf87180aBe3e17004C8E0A,1
0x5F8B2FFf952ef4a1Ff3e378025D501F1E177F955,1
0x76188737f0846Cf052fca2050d632CE6Ba234EFf,1
0xf89C94f43B36719046b55E2AE60BacBfc0dB1C6a,1
0x652147060720D9682F14A1DA0247F2342B5c479D,1
0x03E554985746A909Cb90a9B72e9F0069C7AFE998,1
0xb7852c1C1Be27aBd296a66458Bcf7a8417a7bc69,1
0x2CA5edDe5E7Be5a57960d1a04ED5f7b5f5407323,1
0x86e43E685aE14372E8B009768F1B46A337515ce5,1
0x80D19d437e8DED00015Ae177a839d1c2F8bD7eb2,1
0x9dc118e287D599278cc675d6b50f8be6de41BDf8,1
0x2EBB56555EA378e6A733Ff0b2Aee9BAA16b30593,1
0x216E6479AaD3E26fcA05a0921d3d7eB88071Bada,1
0x1099b854E622603f016C25b2378B7d2A4a506D4A,1
0xF9D46eC23D40c6AbECF408C97281c00Ce713E046,1
0xb1DFA167E6a18Dc3d529a1E47181052Ec92361e5,1
0xAC89e4155E0bB8B6eC122eb3Feebfd9f24fc54dA,1
0xAdb7EC53F76A1D2b1c623582947E676BA3716656,1
0xa5035f6E39fb8180dBdEbdA2942b28Ff9F15D92A,1
0x1e5c797a569276bDa2EE21750186000e01D2bB5B,1
0x7c440909184FF4b45d96175ecCCdE4BD21901ab1,1
0x757b4D4bCD7d02d0f2CE81c5acBa6C6f7FF05dF6,1
0x592139A3f8cf019f628A152FC1262B8aEf5B7199,1
0x4C8D006b3770B6212AAE890CE8dBEB8f24D363Ef,1
0x6A0eDfDe9c6D77C193F3917B6203F207E59dB6c5,1
0xdDc9e4F165337Cc2e35FA39Ea47B7db8FdFBcb28,1
0x3F3AB7E59E40E172Bb32ee68b861F3F575816397,1
0x0981B2D834cb77912fe0e1Aba44e4C2772adc280,1
0x81A84307689D2C30A3A1AcA9EE9392dD3DE15554,1
0x0Dc1Dd32B1300818C977Ce5A36A464A5c0c14550,1
0x5c084270DcB368715F0fe5646776F09fF51f54a8,1
0xCbbE524B840475B27489f17fa1855b61484D6e9a,1
0xc7cE35e283a87fa06e80533B5D0aF8E1Ba0c95df,1
0x8320C2f6D05a5Cd45c752E68D3b943C64482c441,1
0x41e78B4A694FC2A16F90289c3352EeBd5d7b30FE,1
0xbF5Be25A765475c4d10Dd8957038487bA973D2a0,1
0x8A651D64E05E1Ebd6612e36ecec5184F549e4106,1
0xA4b120fdB2Fd946A67fbe996CB650DC2Cd7d55F2,1
0x84DCe06eA488377005CFB85900600118B4AD7695,1
0xbE38D196D1378f8388C94c3ED73c3c11632eea7e,1
0x4Ce0139c7Ef61945ea910f78EBd9DBc531799499,1
0x70E140091CD10EcF70C2917783dd3fcf102447ed,1
0x6151C8B7DB3d6A8133A3b1Eb5536a7520CC7D9EB,1
0xfe015de2d2176A0e1D6e328a374Eacb9D4dDa2eB,1
0xC8172e49846D2112d46dc2eF79a915E8633F5289,1
0x06E1AB8BaA241b8A527dBC320573305C7eE80528,1
0x5c16e4975834E08e8f1Cd7893F08B1c4047a4be1,1
0x667C66A1DDE2eF5A2f92414Ae51e07a8d91E135d,1
0x7182113E9902a3157bEf685FBE02981ddF388eA3,1
0x98Ad61160f8137C60acbf07Cd4D5a6ca8458C58e,1
0x200F6036B6ab254E333b6Cc801669887345f547F,1
0xB1fE8d7274EFCaD6571F11465709a7dF0521B2A9,1
0x2c419C8b207b10B39673482d83cAa3e11f3604C5,1
0x756126723CE9552375AB88a7589da5DdEA1216a0,1
0xA2E8f8d26a6C1240b328Fc6F4f2d9bC3921D1f55,1
0xa408AD0A6a393672a605f0f54025f88f7413811e,1
0x9d068c281AfA4f518e2393702ADff6b4f22C1156,1
0x4FF3D90A589Da2A233F4F7d16E7861F48bc5fceF,1
0xd39E17194c2852BEc3a5C710269a6AF7A76Adf35,1
0x5Ef69b38A3dA90cecA31C9512f2522f15ff26a83,1
0xF47eECBB65EF1Fe4e30140A1eB5b237D252B440D,1
0xE67C19D9Dd8fFa21658599FbFda4B040b99E17fe,1
0x6837412D49C78C0e2a9159c214d243c16F62EaEE,1
0x03f951BAA9A08901B77D1e3f858D6F3e5B53CFFb,1
0x52137377bcA37CD138A57ee0F86D70437F234d79,1
0x6FD96F1a38989407577E2eb2633af6D2E64D72Ca,1
0xeaDDAAd6500dEb6b7aea9af6B0A378CD67557e40,1
0xCa162AAcd82C12aB869403b358503124dC093418,1
0xbF66030C5B6BF2D957c780F4b0813fbce10b115e,1
0x3AeED20E6EA2518F681fe1d4e0b79Cf815AD2815,1
0xf7E515BfcFa8c0ae9965716d63621d9a8a29B2d4,1
0x27a5b1663D81453D0c1974B3098b247BdBfA1E0A,1
0x0077f2a592DD51eF5fCc3A3678c277248264ccCd,1
0x1D188C419aeA5a6934d199AC21D6B51428b8D7c3,1
0x5D1094C27427244a7247AFF84c88B9D9dA44208a,1
0x262485A214f4835A12Df76112013f0531b9c6531,1
0xBF98e5FEf825CcD68dcFF3cF0a766faB413D6207,1
0xFc2F25e37151fb56F52772F4009565bC25e9a1b8,1
0x9C1c8950cE20A417871EE6603FD541e64Cab27E8,1
0x6b34EFab2a3a879CA4de118Db2B97EE91Cc7635A,1
0x6FddcD5F3F86ef108d4fB535017f3434be5f795F,1
0x231ed33e9da3E790BDA2F780D1645B9782aCe48a,1
0x1731c93bCAa269808F4303c14110F1b8d5105bA4,1
0x298aa23Aa27ad876049BEbE681148E704795E900,1
0x450B33E28cD4F6AbA45D15f3524Ed244e2B28912,1
0xDDd89960d7B8B226780337A1978F71156ced2cb4,1
0x249dde3173D6efB545a01977Be57eBb514BcE5ef,1
0x363CA0ED1D727FbAc6190AF8FcCFAa08E9BFb8FA,1
0xaBdDD19B2cA748FC29342dF3a35C3d65068aE4B9,1
0xbc18c92A57C27f170694E206328F71ddd30D483e,1
0xFaE7f47855b88390ff6C3a2cc83003730a6e7357,1
0x926c32BfD01A61bA03460416ecc4A08643Bd04b1,1
0x1781AFDf20577972e9453D2dB861C5A540BE04fe,1
0x401Ca823d53C5A207E3fc3480CA0C9bCbE7E8722,1
0x924DB40bF317AdEF922780020D0ead9DF3349BBA,1
0x7C00984E31ac6dAE3e6E886156AB4CDd80d7BB55,1
0x817892AE61dD6327B33B49841b3e18808A1D733E,1
0xF4D28f9eF6F9990DE37983e58a49AB09337d5459,1
0x25cEcA88620D5344607E3f08D4D929f54FFD8A84,1
0xf67E1997D8e60Db2597f8a7d9907D74595580488,1
0x962ed8ceE777Eeba1083C8D3e3D5AA6bf56E170a,1
0x5Dce1FBe0794aEBaE047Fa0F73f8E9f410B7e60d,1
0xcB9D3FCBBf90B975fD9fb8a7FdD63da91e0E67b4,1
0xD2603677f5Df448BF8ca5878a54d59E440dCa626,1
0x7556Cc553036E8E67ca77B72fCa81657988DE13E,1
0x44Ed32B27AeBf445c209DAb3EA7E3a9D50F37B2A,1
0x2c7AB7512c4B368E1ee937156bfaA57FE8A1A1f2,1
0x69AA6F3e4FA0ECCcDBD10AFEe69a5585a8f40e4B,1
0x26856E64153cd2D3f718934d4aE120257a59D05b,1
0x999C9588C3969faFD706F346E7439c1CDf04AcAC,1
0x9f4e61Bc6e3BF2AacdD58CB42dF0a2b8D5640116,1
0x3bFC01D0dB0c7C26A1a0a787E912f68eefA12F78,1
0x2E132c04fD9A2A77F2031d7Cd112f484c84619Bc,1
0x6bE040C832B9bcAae76BED8c76295A4AB7Ee766D,1
0xb394F1aa30Ba874df3Ae6097bF4c2474b2d8F3AC,1
0xDaf417418E58ddd0Fd2C0BfF528a1ae402B37B31,1
0x2D2643efCb3d3852DAb12016eBAaA8836a5ab699,1
0xC994Dc14f19E6e9f95D1Ea50Dc13E3fc14178B25,1
0xe781B28e02Ed5Fc4b989905cb6848d318F4735Fd,1
0x644cBE33809454Fd1aec0B7114DcFb032dD48549,1
0xB8DbFdd6B4DF9A6b6C781073B2E85232776B0e45,1
0xf686F95DC20Fdb5688fD251513e9cbd1fef9848E,1
0x861e32A55Db966EaDB3906B8D74bd967FF8A02Cc,1
0xe83366A625F1E7374Bd76E631010207EDBc6d194,1
0x6029Bfd00e0B53b848E85F1eD5649dCa71E0e8b7,1
0x014F92A0fD35EFE017d3E6DB83f884Fb951f6828,1
0xa134AF5C78eBAb79f86Bd406808A5404e7344B13,1
0x9b75Ec115B4D3CC826b4855D5608FEcE56408cC4,1
0xBc0E7c2EeE1ff1c61449fAD2d11923a1C0097f2B,1
0xb2Db7F03aa0Ec91895A3fe38eC461822A570d234,1
0xb963fa652274e887E7Ab9876f436e054Dfb3C3cD,1
0xD4cC8B731A85dbf54Ec696c64128e6b894F8D1a0,1
0xCD87ed1942C9c8dbA50c9552Dcb4D6516Af45dfD,1
0x8e475970528896E185E9f7534067407C2b32Ad33,1
0x79b5f606F107868d7fbeC6b10A95d0C1418780D7,1
0xa34C68BBe71130db84e530187a4F3366B1c24a40,1
0x61bAC790A645f1f6065A9Dfbf1A1f46de6F6413B,1
0xc67A1Cc5de12e2A64C9Cd9FE2F81d7C04c21e709,1
0x311C8ba2599b64522605A32f656d3f15d6396a5D,1
0xC7042e62aD9fE32C78E554B5f0b22ed5378382dA,1
0x9756fb60f5CfAc66cb03F4E7881468567dA91f7B,1
0x10AE7B822959750097Ab2bD6CE8c82B2bE719502,1
0x58af388C34876e857150Fa918f4A4F2e90c3e0cB,1
0x195795Ed981E7038A6b19E4Bfd28b321210B7445,1
0xDb363862E5e73a7ce226730de475C507547cD4c2,1
0x30d0952d9B73d335f2BC2dE3ed56776Dd38780DC,1
0x7AADc326D982382Ab276941407B03d6592560473,1
0xbce85d4A932D235a6a97C17637266ecA355fE36d,1
0x7f1E0A23396863c7784559B3b479db2C753e6b78,1
0xD373707074529E4da1317D39AD2204eB8C2bC37f,1
0x9a0F62b9A86187A03f4459D3130e9792eEE8aEB9,1
0xEbD52465828A538e6b2bfC36fb577158AC662dD2,1
0x8d354942B0564f565D87CAdBab07de410EE24d9F,1
0x94b53466cB82866E1b787650E57cDCd132113684,1
0x050C1C3D2E802dD6208Acee28806CC65f35F9327,1
0xfeB8535Cf72eF79F646d7860B0bb155bE12f2621,1
0xa72386626036E742577e54E68680604f82DE5812,1
0x72e680156324b5AFA5d0D84B621844424A8BCe42,1
0x7B85F6Ad47c397099557C09C11E087b5f0828F4b,1
0x9E3e974Bb43eF79F408F8C18Eaa047e48bd50af3,1
0x8d11ECBddbfF6ffCCa5f10b839B09016276fE8bC,1
0x10cB78034a2Bd29752B4Bc317e2c512BD1F66Fee,1
0x089B6bCDCb980a8967bf5909033fD1BA674BF9A7,1
0x566D2C319036CAF7331956A12BA118f44b046EA5,1
0x0db516776CE46cA34F54879871d3a2d3805E3fB2,1
0x2DE21243c3e7f2170b8e7EE37105BBa652F80967,1
0x059597640CA0FBc8724E1563dA54faA468064540,1
0xAb9F4D19F6F22B152153A1d701A1492255d79387,1
0x7dC8e726cac18bA3f7Bc80D6Ee00CBd3147fdC20,1
0xaf2B501659b8de6b23F84241AFbCf43001729115,1
0x3646B1f4De6065A5546a3640428CA416D7A3D1e1,1
0xD87601e05e8D33871A5f95995A9768bDbf64Cc98,1
0x2eaE745A08F70DC98e5189CA4091aebADa804815,1
0x310b332aa96Fb79A1AB757999b1fc102978e7959,1
0x8D8281A765281E2691B16d62ceE0F2F1C70d3DB3,1
0x0a41e8154F52FE3e0A96E3Ab517B819aC4055798,1
0x1D30660305c2b02B43EB91e5306eb23e2c1618E0,1
0x6d5130937282bA7D221973b40a78De4a5Db3a224,1
0xD8beACfd631ffb44DAbb44A127729B81000c4cF6,1
0x61D48840dbEeB59Be424A4624077cA62593Ce0c0,1
0xc6654D492BC8eB7F92DcdB51bAF2F71915364c3f,1
0xC687FFD8eC84b0c7598a5F134B70E677Fe32f701,1
0xBD87466C486eb3b86F742bb76Ef575e9DcDC54db,1
0xd815e592f4eFFcf76b1F4B4eb823C19AFD13b5dB,1
0xCb0d88e4d279E53eff672C1A973AB0011892e026,1
0xD7509855abD7b1866d0c9E696e81A4cB354cA0D1,1
0x50F8C08b0124092E1001b355f4b8Ae2df85F715c,1
0x9F492299c230D8Ea523f43170e7E3ce6AA19fD7d,1
0x37bbFc32408449Ec4251bf3C2fef4F7CD52746ba,1
0x75126765815087F37088f7d00bed1465993E999D,1
0x9d7fD359F39B7cF41862030fD63Aa34b5D61d7c2,1
0xC112EC29825deDb8C5f9c1ea7a2705302C36E372,1
0x583564BcbDe79F2CE578ef1a027C5F28Ef2926AB,1
0xDbe94C16045120fd7fCF60F9a41bC192BA0F1833,1
0x5D73eA639B3eD8CCF181B8E8757eD106161aAa92,1
0xCBc39690cBb2e5FFf72cfc32E01e479C6b3d4290,1
0xda3cfbA371953255a9b77ECe710BDF70D1ddd5a8,1
0x28fE8ef2Def1f5E6Fca4cF2e41936Ef6CB77A007,1
0x43B30bbaa3221e83320a9129aE5a92145b8F76c3,1
0x7F250644021403A62AE7e66CfFDA54a130F4d0aD,1
0x15F930ec7C5d2D51Bbff0b1Dc6AD9332773B5Fe4,1
0x3CD49b429bbDE7BbF02e0Ff87deAC22F1d7B10d9,1
0xea0BFAe1E99f013194A4E22209760D1046dDd885,1
0xeAcE1c1B4Df1E45E9Dc6399d706d05975782139d,1
0xf02147c2F8961F070d6a4a4C76F77fd3D0d8c826,1
0x580c73bD469e6AF6a02cA1edCef345922581e7b1,1
0xAE761c68f0d6d18aE9118dC5D9ac7bEB761bFfBc,1
0x97D9575F81C8C447574d8131BBf0B4d7124CeEF7,1
0x1CF82438699503567fa12D41ce80E92Ca0a8aEF7,1
0x43A85e0Bc901BbA74fbEC5c968cc8A5BD58ed9D4,1
0x847c1B4F34E93D2ae81B9D099c3E52F53d9aBEa2,1
0x8f5FBdc4a08d48cACC468B30b55705529944bC8c,1
0x59c95BC26B99d8557b71EB8c9784ed852Aa5f2Ff,1
0x3400766e3d82Cd7ECdC0cE5E54BF07903aaDF437,1
0x5E87e617a1E993611e5400A2B0AFB5D90200a515,1
0x4231BE547904B34FB104B10DA28F60a413094Bdb,1
0xe7a8A504a82f0A829656261A54d0443F85e19604,1
0x5B1aDfA2d6D3247433B98D7dFd049d27245f5656,1
0x100d0d59B8824d24A03A45E0F8ED8d3056237901,1
0x4b82324F146647fA5F65C4FF27515BD740adcA2c,1
0x8a25503Fde77B0A77a03F19898DA15287Fd586b5,1
0xe459b9277806DFc0663597c355C3F1BA40398fFf,1
0xF366E5C37737E5FCBC54e29f27e33B84E34f1414,1
0xf6CA4BF46B0f52185Fb3b1b55d015bdB04814FC8,1
0x975D36a5AeCE1bf101f8c03A227A933e706eE5fb,1
0x89135f8ffa1E107799cAef5328C6d3ae6e7D849C,1
0x0525f84bA9878c75aeD22AC2EDa6c4369DC0dBf5,1
0x6d273EcBE42fc70E5e0d4D78fb75E0AaB88299Fc,1
0x329Fa29373bC5DB89e67DFa2561d00f779D38588,1
0x7a23cB9653FEF0158BE2e1933C127946C239aD05,1
0x81D1DEC11b2007d1164A6014dA199bb5d1544046,1
0x45180317b52D63077e8Ed0C36073C6BF8429a876,1
0xde13B85a461fB3c42e5dc58E228e737C47C56435,1
0xa1d06Eb73054fde2148FBaeD6cff917dA4896032,1
0x33d9efE099Cc687eBe982fA6e5Bf60Ae908552Dc,1
0x8255C2742ECf0363457CF3373810D21f0b931e6F,1
0xce152C6cECBe1EB0c0CCD4c526896c531a0fB0AF,1
0x1655826Cc4a321686a3F24335FDb2208B81f3a7C,1
0xD4a622A7bF6F0196391878315b518E5518D4A8e8,1
0x206A491B006866Bc84B98022e89437A916935d19,1
0x64b808383f0D7ecCd5729275FbE455Ab8a1120A4,1
0xaE2445CDC416b6A70bbF84a8678a13EA6003E7f8,1
0x3D874EAB2766bcF5ed67aA1E142722Ab347D17B5,1
0xde27bB2059fA4C9E50bC85654C815a3D5343F8c5,1
0x0f06A03D40C35bfA688780938282d87e5e2eA31C,1
0x2a45802B36404D290f54388084C2d1bF1e465B70,1
0x9803d2482De87781e053277b510f158b024663A3,1
0x7C653Fe5ba38A17436E229F9A1206C35999B3438,1
0x8f2ED3172E9C7f352A647F542541134755564E9d,1
0x531F607740CAEe9105Cd0e4700E9F51DE428a99f,1
0xACd04e5eC4652B4BE1c29bBCf37032e00dc60edB,1
0xdE4612E95090AfE746DaE3A53Ac3647db37c3DF9,1
0xa1e5524c941FeC3E025855e0Ca08780f02d584A3,1
0xf885167d8058E0b4Bc901Cf91579675A076D8316,1
0x6E8A96deE46B02Ef2E02A9488096bCF9A8Bce43D,1
0x90b873cafd456FD72acC9F21042Da81E376b6641,1
0x8B73f8a71cbe6F2E5A594255522fcE1b712a6594,1
0x6DF9251b91C9b438055B788A6633599419139aeF,1
0x5A17fB43794212F5Fac2298747c8757b8Dd94A17,1
0x71362355D840C5BB69f21cf7402b9cCD6b8dBA99,1
0xfc45De08D425FD1ea47E1a779Bd9C67E642F86e7,1
0x462906446D6a4f591C7F404cf9cE30e19AAFEC70,1
0x9C0Caefdd631a642651d01Fe3835396a61C4881f,1
0xF57a9B1f574B1F80C8CEbe252706bb8B4d783d21,1
0x47653Fbab7f41E106985BEB5EC8857c44Be0C2cA,1
0xF5Cf20EbC18c8F334eFecD9E55E500F6D65b4527,1
0xED3b41Cc3e040A85fDD1415f1E9b28043EaDd12a,1
0xeE77BA39653C60E7B3fd8b795b696CbBF2DBcc00,1
0x4C2f7c5d715279DCF68E75d0FE228130C418b07b,1
0x5BC4134ab3E945dA2D853663e8963b4A0cb38535,1
0x6bbF822152d750aCf598f7b5076552cFFF18d812,1
0x2ae697BED122e910fbc8AEbb90a4b863E951a8dB,1
0xE36a124CaA7Ee0b75A96A934499CE68DaC6D9562,1
0x528275DFcaf4089fb57DCA063FF18340F1B221e3,1
0xe6786b71A8C6733DaeCc8d6b340AC7C4BdD03f95,1
0xBB35c2d709B4Af2BBb6AC9f80e83a621fAE2fe81,1
0xC2524EeC80896D8bAB009762C5E77098556804e6,1
0x6Fa3508f67DAb24E4Bc1D491Fc53Aa4185528F43,1
0x72729db8c290afd915E6A9a9292449784Cc98ed5,1
0x7B42A219Bb14d0719757a391D7cC6AA7F371E144,1
0x00F87DF168c5B91b0661d1169d48e664F49E1563,1
0x10EC407c925A95FC2Bf145Bc671A733D1fBa347E,1
0x08B61c9251304Fdc1E16C957236fc3cE89035bd0,1
0x70409EF4C4933C0Ad2d727CA6a568d2A2Def0022,1
0x55AF0aBeAdC56ae3ff9E51Cf798F7a7Ea9EC320A,1
0x8FeaF4aA58495cF9C69c1A7769A9a28706f7C9A4,1
0xBcE6061E4a766B774166E9ee2093da7A73F88E7A,1
0xa4EE8537461389e00884F20C90cB08f58d0d93E7,1
0x056fa1044214421f3B6A5614F2ce79F7812B05F4,1
0x887D0F19fb66CE8316873fea693115f892BE724C,1
0xE58F5a579Fb3E8630EADc60F6f3151182554b018,1
0x13653D88800cBd6195A3E5079cb978a68A6970EC,1
0xeDe7e679aEbe468A6F91822C50Ec1F9506958480,1
0x1B7d1c39900aDb1eE203B7dF7D4969BB31Acd2f8,1
0x454685DEC7796c2c747294F7AA7a30b2C5Ab05F7,1
0xDDeC258d76F904a7b8FEBffe025fc6190C59694F,1
0x4E1bdDa540CfD4c829768987D587CB86FaC4bd5A,1
0x722D46c3A9475D895016BE328fc7C7932F68B68c,1
0x3f7D7135Fc05Dd53de1B359C880ba73f457eFa99,1
0xe878f404Db02A609BE2cF6F35242964e3Ef5e117,1
0x52c63228E972c2950792fF650AF3D777cfDB1aDa,1
0xC2172a6315c1D7f6855768F843c420EbB36eDa97,1
0xbE60bDAaAAB27deF1541e2c475F052B2221246F8,1
0xf77Ab92D1C3453f6a98102DE0Cec3fc6Ff597002,1
0x93E380b8299A95458C82EFb6A179919022CEfD24,1
0x856EA2082A6cDDDBc8F634f2e359879390c3AFD5,1
0x7af06229D88ad92227A6ddd73c4B134e388f6895,1
0x20Aa2544b3788d4a8004d73E0Cc142DB876850b6,1
0x889E0ab4492B2FB04a3EbDd04766723D063A44aD,1
0x3f0177fFe418175ab378DBbB5Bb9F7D65517c329,1
0x1f01D99a90AD0C752e7765de29c386a169BD9E37,1
0x378F3F9687D3b3FdDfe151aa8A09A7ff2E540749,1
0x3Ac7D0480D8c8A0f6b81c75ff6D0dF96206Aa6C6,1
0x1d935f516D5008Ff3153ab789258Bf5d8cF604f5,1
0x7bd799fD4d0A67e8D8Df16aE471302229Af6B529,1
0x05a2F0eeF8c2b4c68e5C0b5801D8fCC1b42B6Cb9,1
0x98ea3990787F63E08B5D7231da8C0b3993003fA9,1
0x91FB619f3BB635AE6C3c1FCB414Ef0bd9093710A,1
0xcFa352Baa635269275F8f9cba315ADE6ae4CE270,1
0x98D4b8d27E6FCE496D91e10e6B1f6B1Ee4c054DA,1
0xbc6CBC95D86A6a9537375640FBC0cF0DB8024268,1
0xf18DB14a14d6D19e80d09b5D6326A7C3106b8117,1
0x165C2478440046b7C2c2f9B610fB9cBb414A91b0,1
0x812d7fbaB15adA04A69eF77221225b83D32d310C,1
0xbBfCa4971060891d5Dc25F53634E20F7E035cdc8,1
0xb27E59D7aBeB662c7DdCe4EFb7553739f8B268aE,1
0x1005Fbf6Ff95dF199813d173c9325286052c26cf,1
0x460c08B6907b9cc229bDE013c38a88314B640192,1
0x128B23321A056241Edb48c605249297802FF6d7D,1
0xedEb5Cbf32D108163129958E8E6B22c4450F4323,1
0x35B9d8D6Bfb4B92Fb86371041721A5e1B6A7c6c4,1
0x274F18aE2c86300178Eaab9C563cB64b3518521A,1
0xDc338B1E67f579384779D58989e87907D001bA7A,1
0x582ad77aae47533929c49dB27D58Bc0E68D472Be,1
0xf60bC6475C8ac3952a7e3A74B98d2Eb4a6ea2066,1
0x43F1900680d4C4b04933FA082fcF43567d03050C,1
0x90529de12Ec5f96a39D580B6C547a9510E4990a8,1
0xB395737fc690C6fC967E05022E5016d7faA38608,1
0x766e7BE7835f0f7c256C58A14BCE5B6Af9362aD7,1
0x76152584d124C4Aff051daC685FD434b87A8Ce50,1
0xE5a72380c19471818352d3c91C57515dC5ff9169,1
0x738dEC8877Eedf8C4a0f23E03fA1Df4657eF6998,1
0xd3Ad7E8a381244c756d34a542eEbA37991Db390C,1
0x099427091f703a2Df706441d29A9b2CC738b0199,1
0x30E68f083aa908ddBc38e9A629d3035fcC25748A,1
0x5aF84f1318241b4224EcFC9e6d4e97a3118Cd38F,1
0x0bDC465e2787F2855B5437CCeCf4732049b1C886,1
0x703a32CA5a82512E8C95060456b5995d0C5141a2,1
0xd68d312DF15012768a17385b500318e5ac01e981,1
0xd152A7bE80B93B41882f58a5d2A4c426f20F7d89,1
0x49AbF4fbBEA35Cd0E3aE754D33073039a61e09d9,1
0x011850a6771F7eFb6d6Ec12C5020c34A6c4fEF39,1
0x9A2b09c6B6f3fE2536Af06550E739E002749fb5E,1
0xbdff55E2063A9CA51b91EcE69eA3844B6763c66C,1
0xc16B754DaD73e886c1B06DFa9D09825bE506DaCB,1
0x27342De01762Dc4723c9b68Af81E0E428742b99C,1
0xdfa8D72262a2C381Fa2bBAD2Ecc1Cb1AD41b9422,1
0xC81f989CB3830bf393013A40f4616a3af5625861,1
0xB9f5278871b4C531Ca4614b7bCb97c805E762A61,1
0x69F27292Fc70d632A4176D2AE7e82d639B1AbB30,1
0x781295b64A721031e7cf7Ddd3e08b9d31977F3ea,1
0x65F939Df028969d0CbFc36e88F45AEd89232D7ca,1
0xFb4310e80a3FCf48773cE2FdA4d036B1Fc819361,1
0xf92BcA2C7317cf178aC1f69362cf2d8c9ab4f728,1
0xE4760c7C14785eE3c68075dDB863BE618845E9F9,1
0xAE71beeC18d616d5625D61d7932d6e681eFAEEA1,1
0xfAF81ef2AaAEA75A4D852a84B36f851c6A022dE5,1
0x6d790d9E11E8BF869CB4c8D800f5Fe57d94Fb8e7,1
0xDeae8a1140C7F5bbbb9911B6155492FCfFcfBc45,1
0xBC3179BCd419F2451A298871939F71f1537dC536,1
0x834981FE73608b16a7c52DC0B88676156Ab2a968,1
0x3714dFf2755928972576A6964584eFBbCFd1ac67,1
0x5DBDFFE6B28EBE220409FEa665646c0E5afFB677,1
0x59E1209647B3279C1EC23c2bf3f33703447f9845,1
0x85CE14796802916793f7903d0711E607e647287A,1
0x16642CC815a1a7F652150b4B1FF5E5C5BB6555c6,1
0xf76A07f67e1F6f9db8EbBa3eE9Acb6B8933F89F0,1
0x50b4722535Eb9A10bE7923CDe9b866B8af95b1DB,1
0xd6F7Bd1aD2Ad9AC77C1Db2832691e5a4D90575D7,1
0xf048b000249a275235d3807b797bB35Eec4024F3,1
0xc843051604DC08c5e5610C9bAB04d01B543B16B3,1
0xBCAF4e2FC8Fd187bECd1cF26af92D28C1F4b8e6A,1
0x48d33D4327fcdD5ef30A287805ca12e48B063a01,1
0x3BDb6c98c776DB3a4788E9161f136aa0be92809F,1
0x7C6F88e62E0D3D5F2f97DEbe32446a5f85d6Ed00,1
0xb06145Bc400005e39509A43ca62F521476aA7D4f,1
0x1A6B47B8747093B87132A3aB83FF549BeC9EdF44,1
0x73778bfc767EA884D5FbbB24168A825B945778b9,1
0xB31d732De7C09276334135297298036cddAD970a,1
0x4923B4678BF07AdC5fAe7B023FCfd64a18de2b12,1
0x2213f76F0faf3f875F9C9B8bA1E06D4347FCFbbe,1
0xf61467b750F98B40884E23dc051bb297dbC772b5,1
0xD90b20094f68EcD80Ed93fa18181b0Ee879d82ce,1
0x8Eb07e2f87198FE19961fB4AC8046e54639B0b83,1
0xb42a8e782E14d86C79F26a3e1Ddaf8C6409Ca68a,1
0x607332Da5c1f1db44307c2a53dE094539E5F637c,1
0xDaeB8869365aE32566A05806EdACf38FFce6255b,1
0xB942e2EB8AD51583Af09a86f8BA533A70c15580a,1
0x74E67DA7E09B23DFb6db316304aEd9f9A30f0Ecf,1
0xbE4EBC2e07225C7a94a8b959D7151a901Cbac5AB,1
0xC095218c59511CC3122B96372fFeFdB1d59F88fC,1
0xB1Bae7c090cc2Cf1DFB1c158cDFd2FA5551D239D,1
0xf6c02F0fDAC5c03EE9f1cc60A5D9875Efc4c83e3,1
0x22c8cB186E28Ab3a8daEeE660D123447CCC8612c,1
0x8E76b5460C6AE83D04c46f784f686012210B4570,1
0xb781F5A72B4fb8cA30bbB5f95A6f79eB3Ed39807,1
0xe21524ecabbd98b177f6D2E48facb22b794d994b,1
0x74fD76c3bc9941fd4E2f60795Cd52A407489eBc7,1
0x20903153d13EC240FB89FAEBc9eF65Cbc6d80EB6,1
0xc1c9F01dd6234C8eF3af57BEcb00118b3D3F9114,1
0x09E7B38001959888fd0912E4573FF6e105C1197E,1
0x61f4c45dDb75599dF48e0957a78578C2a33326b6,1
0x3B3a11817a8d094Fc1757841e835CB02673Dc734,1
0xF7Ec29dcAf04c829946daFf2F3FEBEa603575E1C,1
0xa60C4992922947cF27C6955942B091CB86A4d8E9,1
0xCdd2c0bACb00796A73D4d36790B0a8dfD1437aF5,1
0x4b9aCCC37d7A0E3D80316863B09c89b8c2B87523,1
0x6786A106F01987349f653664081b14481e573E21,1
0xc53bC84A8B190fd6Bda3cE0c42801EA02bf58B28,1
0x4992F2aC27fE5817f58fed5e567263E807343357,1
0x18245ffC6791E87e78B9818Ed813a9654d1DCd10,1
0x16D481202544315aE6c9d2Dc3Bc785DDa77E2dA2,1
0x8640b5a8fBa30e43CBFf373bBdC938Aa7c744BA8,1
0xD49A8EC0338878cd7D4b7d12ACC5860F609fAa29,1
0x054774CCd88d4416E56f0AA02aDFc6bcF1A71502,1
0xAd67f1a6C08C5b7bf2f8aa34E968F6376F57e2bf,1
0x9F791f7aD998bE00455baE3Dc17c97dab098442e,1
0x24841361b01f627105d262a6C50a863d543c6903,1
0x041C527DEe3f2250f8F07fBf1bCB2e0C7c0c74Cb,1
0xC7a34eA186E137002981BF9D51412EE53571c038,1
0xDecbf4D5695b71D9BF5cb497169C18206b5A09CC,1
0x6fe83BcC4c1eb2DD3b4749eA18589a3F7388b69c,1
0x3A68Ea55EE973aaF7936AB32F729430127567881,1
0xd4cfDEe9b399f9476D7911c97605559b580F866D,1
0xf284E6e034993e89734B35529aa7fde6348F497b,1
0xfa197f3f352962f09Ebf8e364F5FeEaa6096fA41,1
0x9BA1eCF4Afb04106ed0Bc3439DABc1730432bB6e,1
0xE95E03539E78D4448ff74f2187c58a6D0ba31f02,1
0xFE561c45f0A7DE70E9d94C744A951107F98bE529,1
0x737b7746442fD0F6Ecd6CD192890df4178e674A6,1
0x62C2d0c483B67C858715DaB1b4553EEf08f1d0E2,1
0x337DDd7c05086CeCe8603C3a41E3a7D5544bD622,1
0x1812ca7ae1CF4CC3BB3297f4E3A986f4A7725fae,1
0x0b426ED0fd85C78F1826F10e8c3A31F82781CD42,1
0x7c13091d0B3EA675516c7cdb0F0f3a0054242367,1
0xC5F8A96242fAdcE9a5BfA7b23A07627B7C79a047,1
0x8e82132d1D34fbA79a0953B934B5c5DA30419De7,1
0x8ddB67c83b0213A7015B09c177626A96D93E7F34,1
0x08357f1EBABDa15a4e37BFFE61971911039e71Cd,1
0x4371C584BA40b0E87c75d170ECa4ACD73d00286F,1
0xc2d0110a388259a8eC9e7Bd431b0D21DA5DEfAD0,1
0x8D87B6150253045Bf48fabc081ED25446Dc89d9c,1
0x8424fc75BbE9A86AA6Bbd2054A4c8ebB82a1c514,1
0x4d43b234b645972785F11C56bd5bF078AA9468cD,1
0x5466619AfEE98999fd10A49B3611A92D9850ccf2,1
0x4DAAa7cb176b473Ddd910EF7B4A9c0F2cF57EBDB,1
0x0986346F1DD48aBC3786881312fACA4c2E77A895,1
0xe02Ae28eB98d5807379743AE2E6025401eE4A5B3,1
0x121e2F90F0a44dB9629A90C9f8386bd5Efe68630,1
0x64A7C1A6E8dfD70Fda96658dc436dF9C2cdAe2f4,1
0xFaC2830a1757Bb0E8f9f368c8226D6Cf95b5cae2,1
0xe76a524D0FA95869C8635A2279f28FAE997d2F36,1
0x4b543dd4AC374F8642b993201A697F29c46D1696,1
0xD5CD731D196226cD4F80fa91daB28F5D53Ab8264,1
0x8e08E6316764c40a33BE4f7bB21658FfEA85B953,1
0xe24b3ecD5fa47F1e68D124B7D5762fdc46E80B0C,1
0x77F057bD43ed5bc412dD4d5d7b52Cc9Dd606Fbea,1
0x45db9d3457c2Cb05C4BFc7334a33ceE6e19d508F,1
0x76ABF1bad9498D8e47a4aB11d99ac6A775d39825,1
0xAE9Ac734deb913c2e10310899571842236cc577A,1
0x030eb0849964d125772155e252982F7e9CBf32e4,1
0x65536E1F72c5A5E3BE39b0362153CbF1e8E289EF,1
0x7E1144Ac09A3867B47e9cF5531b2e22885D2Dd69,1
0x37717007b798e0396087c7FE9c1D3c82F05c501c,1
0xfE5b024E4AbB4091C09AE2aAc39181Bedf162D02,1
0x8959F4676F31b8972a2B2F20F321D93d00c36e44,1
0xe818327706336D2c87930e4A0C426f0007B044be,1
0x44921390883DfFacb5318154608318903a548907,1
0x4c38B3514df2aF3dbe6CA28b548348c6Ea7C14cC,1
0xE86d78381c4cd7B4a67278e1194cA7bABc363Af9,1
0x6c284d3C5f73A8d5b0772F217aBCAD6EAb8492DB,1
0xb5ffd6cd735bE02d0696D02C327FAEA6DDdc00e1,1
0x4F1A2009c70598046aD76ada73F5Dd09ED1ad3B2,1
0x2E58A9F73C441390C48060bccA589aFB95B8eB26,1
0x6981a6DC28f2bd28a9D852832C0f1876a9470CB8,1
0xbc5cB568bE86FBFD3a8aB01D5c083889CD462ec1,1
0x569aD69ac1645516173Dc457Ab4120628307a3eB,1
0xD46C7b1cCcE12eFd411bA091B105F907F68eDaE4,1
0xB61c18522b0E733A81976A44f10E0cB725d8e885,1
0x4fc4761a1F683fb77FF80332bB41Ab11Ac5E1106,1
0x39786c76037037FA6AD759780E501B65Fc8b5b66,1
0x1E63eC4D94F490117882ccB5AFFB6f5Bf1a026E2,1
0x93B891c1686FC21B352c739207adA679B858ed74,1
0x8F5D45eA7780A824eD3d1d7625e395be83e94Db0,1
0xF18a46d135917d9Ea3b719F1DA724d7Bf966494f,1
0xe57ba0ff8b7762Af729bEdDB75c6ce3Ae87dC323,1
0xB89cCe0098aDeaB818941e3E34f8C80F468284aD,1
0xfbb78Ec1225b3e59a009b40825430BD80c6ab160,1
0x0163a6a357933EB6838023FCb06F0aB60bC97934,1
0x5178A5C0bc4B27979E1Ae2Bf802FB7Bb775c060A,1
0x945fEB89D7217dA3eB091c28dA1A78c9c3B08b99,1
0xC7B29e50F43EFB502C26D1B975efCf176f9cdEfA,1
0x504f998AaA20904Da32C42c6e4473D4e83A4BDcA,1
0x3C64E83921421771aA0E30E3A6075aC642E6f12A,1
0xa52a331b4c8D88B2B71d07147533cF92EE8d7d6F,1
0x83eD365f7f27FC87616D6b8D0AAC7a286f8b1766,1
0x0C3BA44707314e6801413e7AB80C5122663CFf7c,1
0xe887Af4AC694f4766f274B83Ea259989be746d99,1
0x9E363DdB29584ABC25D655735D23F24b07A54D65,1
0xaD7295a4Fcd12949aD9f64001295bB04b3F76B15,1
0x9450A2E4293951977A5e73260e76c9A0c304e39b,1
0xfA3C171445Ed171825EdAd0502594bB6d07c6bEd,1
0x1b5E7bFc996992BdbFE34A8e45e32754D21B0625,1
0xdf1fa21aaD71C50E642FcA3Aa4332da17BbEA409,1
0xECA69F78ff426dC73513839d646962D9bE93Ec70,1
0xaE1D7ED78c65cC05A11d832de7f799ff77c8121f,1
0x56a22FF4e85Bcf076d2F34E88ACA3c0da1fb66A6,1
0xC835a2563841e9b62Ea397908aE6a798E83DD58A,1
0x8B6331694Fcf3834E9Ad4dDD05Db1a06F57c61C6,1
0x466Fff780871c07B94113C95759D6592e7d8D88E,1
0x71E5BB3E44F2B2DcA948916971c9Be745D6e1277,1
0x9f6a57b7209BaFEDB0484386B93D4aD3bfC87aA3,1
0x1FA83251E3773011b4Ede627b1F16824C8fb8F2e,1
0x3A4B66FF04c01Bf6A0C31C11aCAcbecBD526d473,1
0x715C150FD1f347b2fc2CCfB8779fee31bF97c679,1
0x972071cf406d3AC59f64596476b8dd35a3f67303,1
0xe52A31DF66C3abBb81fD0a37F535E092a9176b4f,1
0x504901dB5D6585Acc638704b58E8b282d7471d7E,1
0x88C1f078FF4Eba51844929fA5453244368889B2E,1
0x7752269c687dfc37EDe8867269C80C7bfbD5D7CD,1
0x0db11Db5A47c0ab60482593943f8D0A8baD26943,1
0xDcaba4bf782b693dEF3aDF5b21D81DE6328E00F7,1
0x2ff5CDf2DFE9A60F650cA13A319A183f77EAcF18,1
0xEd86d2803a1b2E578622777683B7160173cD0524,1
0x3966E78c51bC47eFBa27B45F8d36fc88F427150A,1
0xc7C81986069D9960B4a2750F1FaED471DbF5F023,1
0xD064BE181B28F5A50a1F31E01c262901987A6B91,1
0x413C050298e56019a64917d9686FF26F42f4C843,1
0xF260cD53fbf044DAE9A4c9B60481010F3E36eB78,1
0x7D674726A2CFE3DBfaD97186297de9a25f873944,1
0x6Df2A07c02092a24Eb0beA3f810E501b89B79c80,1
0xB17450A1dc8a6b0F87542444097BB4BE820Cab34,1
0x0275DDD99e992F6e2c029C7Bd516964387Aa2FF9,1
0x948B3beedBbF3c27b8c5701fB0DE927a97955CaD,1
0x4839A9410e351A9312d95A01C1B47dd02a627e9e,1
0x90680351BFB8E042d34EAFEff4341840B3119dA5,1
0x15Fa50CB3BC7bBa63524799ae2E1D0Ad3DedC3Ad,1
0x9926A9f3e6dF51983F79b473c2aeDC93c6D79A0d,1
0x77FD0b49eFa586109c25666c0d7A527365491380,1
0x1401f9FA6457fbFd745BFfCD51F9DA9392715eF8,1
0x0FEc7F13B9ae094ba6A603Cc40015598F597ba01,1
0xC7E8157C190AF0e515fA765BB86Fd00341A4506b,1
0x8c1c32675723C93A5D4dF233039CdeF2df9fb9d5,1
0x7738797825902889925Ec60dE38d20Cd01250F64,1
0x04f08e98ef03C6bA5172eE926e4cE38391aA6238,1
0x64944c307fd98134bCA50c8ed88D3831a8b3131a,1
0x6527391E468312C62e4F10138ee422a92F996b54,1
0xbFF99b9B5Fd4Cf769AeD8Aea90A6E777E2886c34,1
0xb8707a97c3EE78753b46769c813785f2DE0a634A,1
0x1c29Fed7470938f31d21eaCcB89Ecea1D779684F,1
0x6559128A83B9C93281A53038B8810DB349D61527,1
0x7B5b3d543fdafca0F00B35113F244c0aedCEaF4b,1
0x9E2F04629539539bbfE267Bee225789b50261769,1
0x50763c342A47B80dEC65F6d5E4936bC6D6ca7523,1
0xC0f4072CAda814a20467CB46FfEDA427d43D894F,1
0x8d27F12697540Da86f1A5baCEfDF6f3Ff4f75B64,1
0x3fB33d50C340D94d65FdaA29f47d5f96c24402fe,1
0xB84404f79EbeF00233E1AEdB273c67c917B8840f,1
0x7C8441ECAa759AF9c0147EA4912f3147dC0CAC2E,1
0xfeFE2b50cEfF95DF01FC580501D6bE404b5b8aF2,1
0xD052f24b0AC6fdB9bee002b66e9e964abc8864b2,1
0x8101D44DDDBdDeB42DeF658F4882625fF270EFC4,1
0x663270F44a9Cee3E6EFf6DB712D5095f184A4408,1
0x817B42B632d1a786C753EB42279B40f8B75D2A96,1
0x82FC05c4d101eCf5B23C2d250c4414ca7D967191,1
0xf5048DB25cb6aa17F9891435a560d4F9FBce8025,1
0x4F8bdD55E45f7E16E16Ba598291B6BEdcf9D56E4,1
0xeC57d038243CdAc140DED49E0925A23bE619b3EE,1
0xe1a3eE41DD22BfF86F496Eca4f473417eCD26CbE,1
0x325f3E52bB8529352091a268F60750BA5A978cC4,1
0x5dA5F4c020f856aBdB168fd35c957D6006ba2edE,1
0x096714606e24d4f44E7cFDD5CA6a35E3Fcfb8375,1
0x5F783BB8B1821C7Eb707636333ec42Bd03400a5a,1
0x04295BA1d19e601d69f4bbdB9507F21E8590b8c1,1
0xe05261c6298848201DAcC94258903d21A2F69EeE,1
0x34c92Ca44f4884f1e2eE722026BB95a8774F5e89,1
0xd0Cf247f5C52C8721323a5C5faD9a00D5047E2AE,1
0x78Dfd036C14cfC22EA17188833c899ADFeDE68AF,1
0xd37d0d9D08a99F3ec9723dbE932d81f7E273aAf6,1
0xC1A2Fc82E5a1FdA18671708F039114A3542B6354,1
0x3c30B2075421982Bfc240a0433b831dA047BCD0D,1
0x853e1e59c056DA9c3bbF4E780aC0ACBfe88D999a,1
0x83e2ceBaDcc0f9A3F427fd28247f0991DBd5d2E2,1
0xd2EF23Ea827e80D88073496c568543570CaeFcCF,1
0xD89338A15F38048bE493D74f2efC4a187fE67F63,1
0xCa7B410154ACaC712A285b95Ad903e9d2cC3f27E,1
0x8DAA60e0Ff964bB4d1f30FAe8791626229C3F63b,1
0x3CcB86a565DAa86D1613A634DD16663779bBD63f,1
0x7284d1214Bc0901AdB4239170B78DF8646541539,1
0x63E3e5959b235780A6c2B173d2DAab31bEf5f9d0,1
0xF653B50A75B9418F12bc0873Dc71Fb2fBFC083e5,1
0x362DC61A04cb099aB6b912DB07e0D6270342f16D,1
0x79F7c5AC10965e9F52aCD7f91e1914c31661d576,1
